"STATION","NAME","DATE","TAVG","TMAX","TMIN"
"USR0000CGOO","GOOSE VALLEY CALIFORNIA, CA US","2024-11-15","50","58","45"
"USR0000CGOO","GOOSE VALLEY CALIFORNIA, CA US","2024-11-16","50","60","43"
"USR0000CGOO","GOOSE VALLEY CALIFORNIA, CA US","2024-11-17","53","66","42"
"USR0000CGOO","GOOSE VALLEY CALIFORNIA, CA US","2024-11-18","53","64","46"
"USR0000CGOO","GOOSE VALLEY CALIFORNIA, CA US","2024-11-19","56","72","42"
"USR0000CGOO","GOOSE VALLEY CALIFORNIA, CA US","2024-11-20","62","74","54"
"USR0000CGOO","GOOSE VALLEY CALIFORNIA, CA US","2024-11-21","66","80","57"
"USR0000CGOO","GOOSE VALLEY CALIFORNIA, CA US","2024-11-22","64","80","53"
"USR0000CGOO","GOOSE VALLEY CALIFORNIA, CA US","2024-11-23","56","69","48"
"USR0000CGOO","GOOSE VALLEY CALIFORNIA, CA US","2024-11-24","54","63","50"
"USR0000CGOO","GOOSE VALLEY CALIFORNIA, CA US","2024-11-25","61","76","50"
"USR0000CGOO","GOOSE VALLEY CALIFORNIA, CA US","2024-11-26","61","71","56"
"USR0000CGOO","GOOSE VALLEY CALIFORNIA, CA US","2024-11-27","60","70","54"
"USR0000CGOO","GOOSE VALLEY CALIFORNIA, CA US","2024-11-28","61","74","53"
"USW00093112","NORTH ISLAND NAS, CA US","2024-11-15",,"65","56"
"USW00093112","NORTH ISLAND NAS, CA US","2024-11-16",,"63","47"
"USW00093112","NORTH ISLAND NAS, CA US","2024-11-17",,"65","42"
"USW00093112","NORTH ISLAND NAS, CA US","2024-11-18",,"63","48"
"USW00093112","NORTH ISLAND NAS, CA US","2024-11-19",,"65","47"
"USW00093112","NORTH ISLAND NAS, CA US","2024-11-20",,"70","45"
"USW00093112","NORTH ISLAND NAS, CA US","2024-11-21",,"67","47"
"USW00093112","NORTH ISLAND NAS, CA US","2024-11-22",,"66","45"
"USW00093112","NORTH ISLAND NAS, CA US","2024-11-23",,"64","48"
"USW00093112","NORTH ISLAND NAS, CA US","2024-11-24",,"64","54"
"USW00093112","NORTH ISLAND NAS, CA US","2024-11-25",,"73","49"
"USW00093112","NORTH ISLAND NAS, CA US","2024-11-26",,"67","50"
"US1CASD0063","ESCONDIDO 7.2 SE, CA US","2024-11-15",,,
"US1CASD0184","ESCONDIDO 2.8 SW, CA US","2024-11-15",,,
"US1CASD0184","ESCONDIDO 2.8 SW, CA US","2024-11-24",,,
"USW00093115","IMPERIAL BEACH REAM FIELD NAS, CA US","2024-11-15",,,
"USW00093115","IMPERIAL BEACH REAM FIELD NAS, CA US","2024-11-16",,,
"USW00093115","IMPERIAL BEACH REAM FIELD NAS, CA US","2024-11-22",,,
"USW00093115","IMPERIAL BEACH REAM FIELD NAS, CA US","2024-11-23",,,
"US1CASD0060","SAN DIEGO 9.5 NNW, CA US","2024-11-25",,,
"US1CASD0181","SAN DIEGO 7.6 SE, CA US","2024-11-24",,,
"US1CASD0012","POWAY 3.2NE, CA US","2024-11-15",,,
"US1CASD0012","POWAY 3.2NE, CA US","2024-11-16",,,
"US1CASD0012","POWAY 3.2NE, CA US","2024-11-17",,,
"US1CASD0012","POWAY 3.2NE, CA US","2024-11-18",,,
"US1CASD0012","POWAY 3.2NE, CA US","2024-11-19",,,
"US1CASD0012","POWAY 3.2NE, CA US","2024-11-20",,,
"US1CASD0012","POWAY 3.2NE, CA US","2024-11-21",,,
"US1CASD0012","POWAY 3.2NE, CA US","2024-11-22",,,
"US1CASD0012","POWAY 3.2NE, CA US","2024-11-23",,,
"US1CASD0012","POWAY 3.2NE, CA US","2024-11-24",,,
"US1CASD0012","POWAY 3.2NE, CA US","2024-11-25",,,
"US1CASD0012","POWAY 3.2NE, CA US","2024-11-26",,,
"US1CASD0012","POWAY 3.2NE, CA US","2024-11-27",,,
"US1CASD0012","POWAY 3.2NE, CA US","2024-11-28",,,
"US1CASD0133","CLAIREMONT 3.7SSE, CA US","2024-11-15",,,
"US1CASD0133","CLAIREMONT 3.7SSE, CA US","2024-11-16",,,
"US1CASD0133","CLAIREMONT 3.7SSE, CA US","2024-11-17",,,
"US1CASD0133","CLAIREMONT 3.7SSE, CA US","2024-11-18",,,
"US1CASD0133","CLAIREMONT 3.7SSE, CA US","2024-11-19",,,
"US1CASD0133","CLAIREMONT 3.7SSE, CA US","2024-11-20",,,
"US1CASD0133","CLAIREMONT 3.7SSE, CA US","2024-11-21",,,
"US1CASD0133","CLAIREMONT 3.7SSE, CA US","2024-11-22",,,
"US1CASD0133","CLAIREMONT 3.7SSE, CA US","2024-11-23",,,
"US1CASD0133","CLAIREMONT 3.7SSE, CA US","2024-11-24",,,
"US1CASD0133","CLAIREMONT 3.7SSE, CA US","2024-11-25",,,
"US1CASD0133","CLAIREMONT 3.7SSE, CA US","2024-11-26",,,
"US1CASD0133","CLAIREMONT 3.7SSE, CA US","2024-11-27",,,
"US1CASD0133","CLAIREMONT 3.7SSE, CA US","2024-11-28",,,
"US1CASD0055","SAN DIEGO 5.2WNW, CA US","2024-11-24",,,
"US1CASD0132","DESCANSO 3.7N, CA US","2024-11-15",,,
"US1CASD0132","DESCANSO 3.7N, CA US","2024-11-16",,,
"US1CASD0132","DESCANSO 3.7N, CA US","2024-11-17",,,
"US1CASD0132","DESCANSO 3.7N, CA US","2024-11-20",,,
"US1CASD0132","DESCANSO 3.7N, CA US","2024-11-22",,,
"US1CASD0132","DESCANSO 3.7N, CA US","2024-11-23",,,
"US1CASD0132","DESCANSO 3.7N, CA US","2024-11-24",,,
"US1CASD0132","DESCANSO 3.7N, CA US","2024-11-25",,,
"US1CASD0132","DESCANSO 3.7N, CA US","2024-11-26",,,
"US1CASD0010","ESCONDIDO 2.5 SSE, CA US","2024-11-15",,,
"US1CASD0010","ESCONDIDO 2.5 SSE, CA US","2024-11-16",,,
"US1CASD0010","ESCONDIDO 2.5 SSE, CA US","2024-11-17",,,
"US1CASD0010","ESCONDIDO 2.5 SSE, CA US","2024-11-18",,,
"US1CASD0010","ESCONDIDO 2.5 SSE, CA US","2024-11-19",,,
"US1CASD0010","ESCONDIDO 2.5 SSE, CA US","2024-11-20",,,
"US1CASD0010","ESCONDIDO 2.5 SSE, CA US","2024-11-21",,,
"US1CASD0010","ESCONDIDO 2.5 SSE, CA US","2024-11-22",,,
"US1CASD0010","ESCONDIDO 2.5 SSE, CA US","2024-11-23",,,
"US1CASD0010","ESCONDIDO 2.5 SSE, CA US","2024-11-24",,,
"US1CASD0010","ESCONDIDO 2.5 SSE, CA US","2024-11-25",,,
"US1CASD0054","DESCANSO 0.3 WNW, CA US","2024-11-15",,,
"US1CASD0054","DESCANSO 0.3 WNW, CA US","2024-11-16",,,
"US1CASD0054","DESCANSO 0.3 WNW, CA US","2024-11-24",,,
"US1CASD0131","MID CITY SAN DIEGO 0.5W, CA US","2024-11-15",,,
"US1CASD0131","MID CITY SAN DIEGO 0.5W, CA US","2024-11-16",,,
"US1CASD0131","MID CITY SAN DIEGO 0.5W, CA US","2024-11-17",,,
"US1CASD0131","MID CITY SAN DIEGO 0.5W, CA US","2024-11-18",,,
"US1CASD0131","MID CITY SAN DIEGO 0.5W, CA US","2024-11-19",,,
"US1CASD0131","MID CITY SAN DIEGO 0.5W, CA US","2024-11-20",,,
"US1CASD0131","MID CITY SAN DIEGO 0.5W, CA US","2024-11-21",,,
"US1CASD0131","MID CITY SAN DIEGO 0.5W, CA US","2024-11-22",,,
"US1CASD0131","MID CITY SAN DIEGO 0.5W, CA US","2024-11-23",,,
"US1CASD0131","MID CITY SAN DIEGO 0.5W, CA US","2024-11-24",,,
"US1CASD0131","MID CITY SAN DIEGO 0.5W, CA US","2024-11-25",,,
"US1CASD0131","MID CITY SAN DIEGO 0.5W, CA US","2024-11-26",,,
"US1CASD0131","MID CITY SAN DIEGO 0.5W, CA US","2024-11-27",,,
"US1CASD0131","MID CITY SAN DIEGO 0.5W, CA US","2024-11-28",,,
"US1CASD0097","CARLSBAD 8.3SE, CA US","2024-11-15",,,
"US1CASD0097","CARLSBAD 8.3SE, CA US","2024-11-16",,,
"US1CASD0097","CARLSBAD 8.3SE, CA US","2024-11-17",,,
"US1CASD0097","CARLSBAD 8.3SE, CA US","2024-11-18",,,
"US1CASD0097","CARLSBAD 8.3SE, CA US","2024-11-19",,,
"US1CASD0097","CARLSBAD 8.3SE, CA US","2024-11-20",,,
"US1CASD0097","CARLSBAD 8.3SE, CA US","2024-11-21",,,
"US1CASD0097","CARLSBAD 8.3SE, CA US","2024-11-22",,,
"US1CASD0097","CARLSBAD 8.3SE, CA US","2024-11-23",,,
"US1CASD0097","CARLSBAD 8.3SE, CA US","2024-11-24",,,
"US1CASD0097","CARLSBAD 8.3SE, CA US","2024-11-25",,,
"US1CASD0097","CARLSBAD 8.3SE, CA US","2024-11-26",,,
"US1CASD0097","CARLSBAD 8.3SE, CA US","2024-11-27",,,
"US1CASD0059","ESCONDIDO 0.8 NNE, CA US","2024-11-15",,,
"US1CASD0059","ESCONDIDO 0.8 NNE, CA US","2024-11-16",,,
"US1CASD0059","ESCONDIDO 0.8 NNE, CA US","2024-11-17",,,
"US1CASD0059","ESCONDIDO 0.8 NNE, CA US","2024-11-18",,,
"US1CASD0059","ESCONDIDO 0.8 NNE, CA US","2024-11-19",,,
"US1CASD0059","ESCONDIDO 0.8 NNE, CA US","2024-11-20",,,
"US1CASD0059","ESCONDIDO 0.8 NNE, CA US","2024-11-21",,,
"US1CASD0059","ESCONDIDO 0.8 NNE, CA US","2024-11-22",,,
"US1CASD0059","ESCONDIDO 0.8 NNE, CA US","2024-11-23",,,
"US1CASD0059","ESCONDIDO 0.8 NNE, CA US","2024-11-25",,,
"US1CASD0059","ESCONDIDO 0.8 NNE, CA US","2024-11-27",,,
"US1CASD0057","VISTA 1.2SE, CA US","2024-11-16",,,
"US1CASD0217","SAN DIEGO 5.0 NW, CA US","2024-11-15",,,
"US1CASD0217","SAN DIEGO 5.0 NW, CA US","2024-11-16",,,
"US1CASD0217","SAN DIEGO 5.0 NW, CA US","2024-11-17",,,
"US1CASD0217","SAN DIEGO 5.0 NW, CA US","2024-11-18",,,
"US1CASD0217","SAN DIEGO 5.0 NW, CA US","2024-11-19",,,
"US1CASD0217","SAN DIEGO 5.0 NW, CA US","2024-11-20",,,
"US1CASD0217","SAN DIEGO 5.0 NW, CA US","2024-11-21",,,
"US1CASD0217","SAN DIEGO 5.0 NW, CA US","2024-11-22",,,
"US1CASD0217","SAN DIEGO 5.0 NW, CA US","2024-11-23",,,
"US1CASD0217","SAN DIEGO 5.0 NW, CA US","2024-11-24",,,
"US1CASD0217","SAN DIEGO 5.0 NW, CA US","2024-11-25",,,
"US1CASD0217","SAN DIEGO 5.0 NW, CA US","2024-11-26",,,
"US1CASD0217","SAN DIEGO 5.0 NW, CA US","2024-11-27",,,
"US1CASD0217","SAN DIEGO 5.0 NW, CA US","2024-11-28",,,
"US1CASD0018","CHULA VISTA 6.3E, CA US","2024-11-15",,,
"US1CASD0018","CHULA VISTA 6.3E, CA US","2024-11-16",,,
"US1CASD0018","CHULA VISTA 6.3E, CA US","2024-11-17",,,
"US1CASD0018","CHULA VISTA 6.3E, CA US","2024-11-18",,,
"US1CASD0018","CHULA VISTA 6.3E, CA US","2024-11-19",,,
"US1CASD0018","CHULA VISTA 6.3E, CA US","2024-11-20",,,
"US1CASD0018","CHULA VISTA 6.3E, CA US","2024-11-21",,,
"US1CASD0018","CHULA VISTA 6.3E, CA US","2024-11-22",,,
"US1CASD0018","CHULA VISTA 6.3E, CA US","2024-11-23",,,
"US1CASD0018","CHULA VISTA 6.3E, CA US","2024-11-24",,,
"US1CASD0018","CHULA VISTA 6.3E, CA US","2024-11-25",,,
"US1CASD0018","CHULA VISTA 6.3E, CA US","2024-11-26",,,
"US1CASD0018","CHULA VISTA 6.3E, CA US","2024-11-27",,,
"US1CASD0090","LA MESA 2.6E, CA US","2024-11-15",,,
"US1CASD0090","LA MESA 2.6E, CA US","2024-11-16",,,
"US1CASD0090","LA MESA 2.6E, CA US","2024-11-17",,,
"US1CASD0090","LA MESA 2.6E, CA US","2024-11-18",,,
"US1CASD0090","LA MESA 2.6E, CA US","2024-11-19",,,
"US1CASD0090","LA MESA 2.6E, CA US","2024-11-20",,,
"US1CASD0090","LA MESA 2.6E, CA US","2024-11-21",,,
"US1CASD0090","LA MESA 2.6E, CA US","2024-11-22",,,
"US1CASD0090","LA MESA 2.6E, CA US","2024-11-23",,,
"US1CASD0090","LA MESA 2.6E, CA US","2024-11-24",,,
"US1CASD0052","POWAY 4.7NNW, CA US","2024-11-15",,,
"US1CASD0052","POWAY 4.7NNW, CA US","2024-11-16",,,
"US1CASD0052","POWAY 4.7NNW, CA US","2024-11-17",,,
"US1CASD0052","POWAY 4.7NNW, CA US","2024-11-18",,,
"US1CASD0052","POWAY 4.7NNW, CA US","2024-11-19",,,
"US1CASD0052","POWAY 4.7NNW, CA US","2024-11-20",,,
"US1CASD0052","POWAY 4.7NNW, CA US","2024-11-21",,,
"US1CASD0052","POWAY 4.7NNW, CA US","2024-11-22",,,
"US1CASD0052","POWAY 4.7NNW, CA US","2024-11-23",,,
"US1CASD0052","POWAY 4.7NNW, CA US","2024-11-24",,,
"US1CASD0052","POWAY 4.7NNW, CA US","2024-11-25",,,
"US1CASD0052","POWAY 4.7NNW, CA US","2024-11-26",,,
"US1CASD0052","POWAY 4.7NNW, CA US","2024-11-27",,,
"US1CASD0052","POWAY 4.7NNW, CA US","2024-11-28",,,
"US1CASD0096","SAN MARCOS 2.6W, CA US","2024-11-15",,,
"US1CASD0096","SAN MARCOS 2.6W, CA US","2024-11-23",,,
"US1CASD0096","SAN MARCOS 2.6W, CA US","2024-11-24",,,
"US1CASD0173","SAN DIEGO 1.9 W, CA US","2024-11-15",,,
"US1CASD0173","SAN DIEGO 1.9 W, CA US","2024-11-16",,,
"US1CASD0173","SAN DIEGO 1.9 W, CA US","2024-11-17",,,
"US1CASD0173","SAN DIEGO 1.9 W, CA US","2024-11-18",,,
"US1CASD0173","SAN DIEGO 1.9 W, CA US","2024-11-19",,,
"US1CASD0173","SAN DIEGO 1.9 W, CA US","2024-11-20",,,
"US1CASD0173","SAN DIEGO 1.9 W, CA US","2024-11-21",,,
"US1CASD0173","SAN DIEGO 1.9 W, CA US","2024-11-22",,,
"US1CASD0173","SAN DIEGO 1.9 W, CA US","2024-11-23",,,
"US1CASD0173","SAN DIEGO 1.9 W, CA US","2024-11-24",,,
"US1CASD0173","SAN DIEGO 1.9 W, CA US","2024-11-25",,,
"US1CASD0173","SAN DIEGO 1.9 W, CA US","2024-11-26",,,
"US1CASD0173","SAN DIEGO 1.9 W, CA US","2024-11-27",,,
"US1CASD0173","SAN DIEGO 1.9 W, CA US","2024-11-28",,,
"US1CASD0051","DESCANSO 3.7 NNW, CA US","2024-11-16",,,
"US1CASD0051","DESCANSO 3.7 NNW, CA US","2024-11-18",,,
"US1CASD0051","DESCANSO 3.7 NNW, CA US","2024-11-24",,,
"US1CASD0172","SAN DIEGO 3.5 ENE, CA US","2024-11-15",,,
"US1CASD0172","SAN DIEGO 3.5 ENE, CA US","2024-11-16",,,
"US1CASD0172","SAN DIEGO 3.5 ENE, CA US","2024-11-17",,,
"US1CASD0172","SAN DIEGO 3.5 ENE, CA US","2024-11-18",,,
"US1CASD0172","SAN DIEGO 3.5 ENE, CA US","2024-11-19",,,
"US1CASD0172","SAN DIEGO 3.5 ENE, CA US","2024-11-20",,,
"US1CASD0172","SAN DIEGO 3.5 ENE, CA US","2024-11-21",,,
"US1CASD0172","SAN DIEGO 3.5 ENE, CA US","2024-11-22",,,
"US1CASD0172","SAN DIEGO 3.5 ENE, CA US","2024-11-23",,,
"US1CASD0172","SAN DIEGO 3.5 ENE, CA US","2024-11-24",,,
"US1CASD0172","SAN DIEGO 3.5 ENE, CA US","2024-11-25",,,
"US1CASD0172","SAN DIEGO 3.5 ENE, CA US","2024-11-26",,,
"US1CASD0001","SAN MARCOS 2.5 ENE, CA US","2024-11-15",,,
"US1CASD0001","SAN MARCOS 2.5 ENE, CA US","2024-11-16",,,
"US1CASD0001","SAN MARCOS 2.5 ENE, CA US","2024-11-17",,,
"US1CASD0001","SAN MARCOS 2.5 ENE, CA US","2024-11-18",,,
"US1CASD0001","SAN MARCOS 2.5 ENE, CA US","2024-11-19",,,
"US1CASD0001","SAN MARCOS 2.5 ENE, CA US","2024-11-20",,,
"US1CASD0001","SAN MARCOS 2.5 ENE, CA US","2024-11-21",,,
"US1CASD0001","SAN MARCOS 2.5 ENE, CA US","2024-11-22",,,
"US1CASD0001","SAN MARCOS 2.5 ENE, CA US","2024-11-23",,,
"US1CASD0001","SAN MARCOS 2.5 ENE, CA US","2024-11-24",,,
"US1CASD0001","SAN MARCOS 2.5 ENE, CA US","2024-11-25",,,
"US1CASD0001","SAN MARCOS 2.5 ENE, CA US","2024-11-26",,,
"US1CASD0001","SAN MARCOS 2.5 ENE, CA US","2024-11-27",,,
"US1CASD0165","SANTEE 0.7 W, CA US","2024-11-24",,,
"USW00003178","SAN DIEGO BROWN FIELD, CA US","2024-11-15",,"65","52"
"USW00003178","SAN DIEGO BROWN FIELD, CA US","2024-11-16",,"66","42"
"USW00003178","SAN DIEGO BROWN FIELD, CA US","2024-11-17",,"68","38"
"USW00003178","SAN DIEGO BROWN FIELD, CA US","2024-11-18",,"68","42"
"USW00003178","SAN DIEGO BROWN FIELD, CA US","2024-11-19",,"69","43"
"USW00003178","SAN DIEGO BROWN FIELD, CA US","2024-11-20",,"73","41"
"USW00003178","SAN DIEGO BROWN FIELD, CA US","2024-11-21",,"75","43"
"USW00003178","SAN DIEGO BROWN FIELD, CA US","2024-11-22",,"76","40"
"USW00003178","SAN DIEGO BROWN FIELD, CA US","2024-11-23",,"69","1"
"USW00003178","SAN DIEGO BROWN FIELD, CA US","2024-11-24",,"66","1"
"USW00003178","SAN DIEGO BROWN FIELD, CA US","2024-11-25",,,
"USW00003178","SAN DIEGO BROWN FIELD, CA US","2024-11-26",,"74","49"
"US1CASD0120","N CLAIREMONT 0.6SSE, CA US","2024-11-15",,,
"US1CASD0120","N CLAIREMONT 0.6SSE, CA US","2024-11-16",,,
"US1CASD0120","N CLAIREMONT 0.6SSE, CA US","2024-11-17",,,
"US1CASD0120","N CLAIREMONT 0.6SSE, CA US","2024-11-18",,,
"US1CASD0120","N CLAIREMONT 0.6SSE, CA US","2024-11-19",,,
"US1CASD0120","N CLAIREMONT 0.6SSE, CA US","2024-11-20",,,
"US1CASD0120","N CLAIREMONT 0.6SSE, CA US","2024-11-21",,,
"US1CASD0120","N CLAIREMONT 0.6SSE, CA US","2024-11-22",,,
"US1CASD0120","N CLAIREMONT 0.6SSE, CA US","2024-11-23",,,
"US1CASD0120","N CLAIREMONT 0.6SSE, CA US","2024-11-24",,,
"US1CASD0120","N CLAIREMONT 0.6SSE, CA US","2024-11-25",,,
"US1CASD0120","N CLAIREMONT 0.6SSE, CA US","2024-11-26",,,
"US1CASD0120","N CLAIREMONT 0.6SSE, CA US","2024-11-27",,,
"US1CASD0120","N CLAIREMONT 0.6SSE, CA US","2024-11-28",,,
"US1CASD0164","LA MESA 1.2 E, CA US","2024-11-15",,,
"US1CASD0164","LA MESA 1.2 E, CA US","2024-11-16",,,
"US1CASD0164","LA MESA 1.2 E, CA US","2024-11-17",,,
"US1CASD0164","LA MESA 1.2 E, CA US","2024-11-18",,,
"US1CASD0164","LA MESA 1.2 E, CA US","2024-11-19",,,
"US1CASD0164","LA MESA 1.2 E, CA US","2024-11-20",,,
"US1CASD0164","LA MESA 1.2 E, CA US","2024-11-21",,,
"US1CASD0164","LA MESA 1.2 E, CA US","2024-11-23",,,
"US1CASD0164","LA MESA 1.2 E, CA US","2024-11-24",,,
"US1CASD0164","LA MESA 1.2 E, CA US","2024-11-25",,,
"US1CASD0164","LA MESA 1.2 E, CA US","2024-11-27",,,
"US1CASD0241","SAN DIEGO 2.3 E, CA US","2024-11-15",,,
"US1CASD0241","SAN DIEGO 2.3 E, CA US","2024-11-16",,,
"US1CASD0241","SAN DIEGO 2.3 E, CA US","2024-11-17",,,
"US1CASD0241","SAN DIEGO 2.3 E, CA US","2024-11-18",,,
"US1CASD0241","SAN DIEGO 2.3 E, CA US","2024-11-19",,,
"US1CASD0241","SAN DIEGO 2.3 E, CA US","2024-11-20",,,
"US1CASD0241","SAN DIEGO 2.3 E, CA US","2024-11-21",,,
"US1CASD0241","SAN DIEGO 2.3 E, CA US","2024-11-22",,,
"US1CASD0241","SAN DIEGO 2.3 E, CA US","2024-11-23",,,
"US1CASD0241","SAN DIEGO 2.3 E, CA US","2024-11-24",,,
"US1CASD0241","SAN DIEGO 2.3 E, CA US","2024-11-25",,,
"US1CASD0241","SAN DIEGO 2.3 E, CA US","2024-11-26",,,
"US1CASD0241","SAN DIEGO 2.3 E, CA US","2024-11-27",,,
"US1CASD0086","CARLSBAD 1.3ENE, CA US","2024-11-15",,,
"US1CASD0086","CARLSBAD 1.3ENE, CA US","2024-11-16",,,
"US1CASD0086","CARLSBAD 1.3ENE, CA US","2024-11-17",,,
"US1CASD0086","CARLSBAD 1.3ENE, CA US","2024-11-18",,,
"US1CASD0086","CARLSBAD 1.3ENE, CA US","2024-11-19",,,
"US1CASD0086","CARLSBAD 1.3ENE, CA US","2024-11-20",,,
"US1CASD0086","CARLSBAD 1.3ENE, CA US","2024-11-21",,,
"US1CASD0086","CARLSBAD 1.3ENE, CA US","2024-11-23",,,
"US1CASD0086","CARLSBAD 1.3ENE, CA US","2024-11-24",,,
"US1CASD0086","CARLSBAD 1.3ENE, CA US","2024-11-25",,,
"US1CASD0086","CARLSBAD 1.3ENE, CA US","2024-11-26",,,
"US1CASD0086","CARLSBAD 1.3ENE, CA US","2024-11-27",,,
"US1CASD0086","CARLSBAD 1.3ENE, CA US","2024-11-28",,,
"US1CASD0203","EL CAJON 8.8 ENE, CA US","2024-11-15",,,
"US1CASD0203","EL CAJON 8.8 ENE, CA US","2024-11-16",,,
"US1CASD0203","EL CAJON 8.8 ENE, CA US","2024-11-17",,,
"US1CASD0203","EL CAJON 8.8 ENE, CA US","2024-11-18",,,
"US1CASD0203","EL CAJON 8.8 ENE, CA US","2024-11-19",,,
"US1CASD0203","EL CAJON 8.8 ENE, CA US","2024-11-20",,,
"US1CASD0203","EL CAJON 8.8 ENE, CA US","2024-11-21",,,
"US1CASD0203","EL CAJON 8.8 ENE, CA US","2024-11-22",,,
"US1CASD0203","EL CAJON 8.8 ENE, CA US","2024-11-23",,,
"US1CASD0203","EL CAJON 8.8 ENE, CA US","2024-11-24",,,
"US1CASD0203","EL CAJON 8.8 ENE, CA US","2024-11-25",,,
"US1CASD0203","EL CAJON 8.8 ENE, CA US","2024-11-26",,,
"US1CASD0203","EL CAJON 8.8 ENE, CA US","2024-11-27",,,
"US1CASD0047","CHULA VISTA 3.1SE, CA US","2024-11-15",,,
"US1CASD0047","CHULA VISTA 3.1SE, CA US","2024-11-24",,,
"US1CASD0009","EL CAJON 1.5WSW, CA US","2024-11-15",,,
"US1CASD0207","OCEANSIDE 5.2 SSE, CA US","2024-11-15",,,
"US1CASD0207","OCEANSIDE 5.2 SSE, CA US","2024-11-16",,,
"US1CASD0207","OCEANSIDE 5.2 SSE, CA US","2024-11-17",,,
"US1CASD0207","OCEANSIDE 5.2 SSE, CA US","2024-11-18",,,
"US1CASD0207","OCEANSIDE 5.2 SSE, CA US","2024-11-19",,,
"US1CASD0207","OCEANSIDE 5.2 SSE, CA US","2024-11-20",,,
"US1CASD0207","OCEANSIDE 5.2 SSE, CA US","2024-11-21",,,
"US1CASD0207","OCEANSIDE 5.2 SSE, CA US","2024-11-22",,,
"US1CASD0207","OCEANSIDE 5.2 SSE, CA US","2024-11-23",,,
"US1CASD0207","OCEANSIDE 5.2 SSE, CA US","2024-11-24",,,
"US1CASD0207","OCEANSIDE 5.2 SSE, CA US","2024-11-25",,,
"US1CASD0207","OCEANSIDE 5.2 SSE, CA US","2024-11-26",,,
"US1CASD0207","OCEANSIDE 5.2 SSE, CA US","2024-11-27",,,
"US1CASD0207","OCEANSIDE 5.2 SSE, CA US","2024-11-28",,,
"US1CASD0007","ENCINITAS 3.34ENE, CA US","2024-11-15",,,
"US1CASD0007","ENCINITAS 3.34ENE, CA US","2024-11-16",,,
"US1CASD0007","ENCINITAS 3.34ENE, CA US","2024-11-17",,,
"US1CASD0007","ENCINITAS 3.34ENE, CA US","2024-11-18",,,
"US1CASD0007","ENCINITAS 3.34ENE, CA US","2024-11-19",,,
"US1CASD0007","ENCINITAS 3.34ENE, CA US","2024-11-20",,,
"US1CASD0007","ENCINITAS 3.34ENE, CA US","2024-11-21",,,
"US1CASD0007","ENCINITAS 3.34ENE, CA US","2024-11-22",,,
"US1CASD0007","ENCINITAS 3.34ENE, CA US","2024-11-23",,,
"US1CASD0128","SAN MARCOS 3.3 WSW, CA US","2024-11-16",,,
"US1CASD0128","SAN MARCOS 3.3 WSW, CA US","2024-11-24",,,
"USR0000CSMI","SAN MIGUEL CALIFORNIA, CA US","2024-11-15","55","60","51"
"USR0000CSMI","SAN MIGUEL CALIFORNIA, CA US","2024-11-16","54","63","49"
"USR0000CSMI","SAN MIGUEL CALIFORNIA, CA US","2024-11-17","55","68","46"
"USR0000CSMI","SAN MIGUEL CALIFORNIA, CA US","2024-11-18","56","67","44"
"USR0000CSMI","SAN MIGUEL CALIFORNIA, CA US","2024-11-19","57","71","49"
"USR0000CSMI","SAN MIGUEL CALIFORNIA, CA US","2024-11-20","62","74","54"
"USR0000CSMI","SAN MIGUEL CALIFORNIA, CA US","2024-11-21","61","77","51"
"USR0000CSMI","SAN MIGUEL CALIFORNIA, CA US","2024-11-22","58","73","50"
"USR0000CSMI","SAN MIGUEL CALIFORNIA, CA US","2024-11-23","56","69","44"
"USR0000CSMI","SAN MIGUEL CALIFORNIA, CA US","2024-11-24","58","67","52"
"USR0000CSMI","SAN MIGUEL CALIFORNIA, CA US","2024-11-25","62","78","51"
"USR0000CSMI","SAN MIGUEL CALIFORNIA, CA US","2024-11-26","63","74","56"
"USR0000CSMI","SAN MIGUEL CALIFORNIA, CA US","2024-11-27","61","71","54"
"USR0000CSMI","SAN MIGUEL CALIFORNIA, CA US","2024-11-28","58","75","51"
"US1CASD0006","EL CAJON 2.3ENE, CA US","2024-11-15",,,
"US1CASD0006","EL CAJON 2.3ENE, CA US","2024-11-16",,,
"US1CASD0006","EL CAJON 2.3ENE, CA US","2024-11-19",,,
"US1CASD0006","EL CAJON 2.3ENE, CA US","2024-11-20",,,
"US1CASD0006","EL CAJON 2.3ENE, CA US","2024-11-21",,,
"US1CASD0006","EL CAJON 2.3ENE, CA US","2024-11-22",,,
"US1CASD0006","EL CAJON 2.3ENE, CA US","2024-11-23",,,
"US1CASD0006","EL CAJON 2.3ENE, CA US","2024-11-24",,,
"US1CASD0006","EL CAJON 2.3ENE, CA US","2024-11-25",,,
"US1CASD0006","EL CAJON 2.3ENE, CA US","2024-11-26",,,
"US1CASD0006","EL CAJON 2.3ENE, CA US","2024-11-27",,,
"USW00003131","SAN DIEGO MONTGOMERY FIELD, CA US","2024-11-15",,"63","53"
"USW00003131","SAN DIEGO MONTGOMERY FIELD, CA US","2024-11-16",,"64","45"
"USW00003131","SAN DIEGO MONTGOMERY FIELD, CA US","2024-11-17",,"69","40"
"USW00003131","SAN DIEGO MONTGOMERY FIELD, CA US","2024-11-18",,"63","43"
"USW00003131","SAN DIEGO MONTGOMERY FIELD, CA US","2024-11-19",,"67","46"
"USW00003131","SAN DIEGO MONTGOMERY FIELD, CA US","2024-11-20",,"73","44"
"USW00003131","SAN DIEGO MONTGOMERY FIELD, CA US","2024-11-21",,"75","46"
"USW00003131","SAN DIEGO MONTGOMERY FIELD, CA US","2024-11-22",,"72","41"
"USW00003131","SAN DIEGO MONTGOMERY FIELD, CA US","2024-11-23",,"67","45"
"USW00003131","SAN DIEGO MONTGOMERY FIELD, CA US","2024-11-24",,"66","52"
"USW00003131","SAN DIEGO MONTGOMERY FIELD, CA US","2024-11-25",,"78","48"
"USW00003131","SAN DIEGO MONTGOMERY FIELD, CA US","2024-11-26",,"72","50"
"USW00003177","CARLSBAD MCCLELLAN PALOMAR AIRPORT, CA US","2024-11-15",,"61","53"
"USW00003177","CARLSBAD MCCLELLAN PALOMAR AIRPORT, CA US","2024-11-16",,"60","48"
"USW00003177","CARLSBAD MCCLELLAN PALOMAR AIRPORT, CA US","2024-11-17",,"66","43"
"USW00003177","CARLSBAD MCCLELLAN PALOMAR AIRPORT, CA US","2024-11-18",,"63","46"
"USW00003177","CARLSBAD MCCLELLAN PALOMAR AIRPORT, CA US","2024-11-19",,"65","48"
"USW00003177","CARLSBAD MCCLELLAN PALOMAR AIRPORT, CA US","2024-11-20",,"69","46"
"USW00003177","CARLSBAD MCCLELLAN PALOMAR AIRPORT, CA US","2024-11-21",,"71","45"
"USW00003177","CARLSBAD MCCLELLAN PALOMAR AIRPORT, CA US","2024-11-22",,"66","44"
"USW00003177","CARLSBAD MCCLELLAN PALOMAR AIRPORT, CA US","2024-11-23",,"62","47"
"USW00003177","CARLSBAD MCCLELLAN PALOMAR AIRPORT, CA US","2024-11-24",,"63","53"
"USW00003177","CARLSBAD MCCLELLAN PALOMAR AIRPORT, CA US","2024-11-25",,"73","50"
"USW00003177","CARLSBAD MCCLELLAN PALOMAR AIRPORT, CA US","2024-11-26",,"67","51"
"US1CASD0080","SAN DIEGO 13.9N, CA US","2024-11-15",,,
"US1CASD0080","SAN DIEGO 13.9N, CA US","2024-11-16",,,
"US1CASD0080","SAN DIEGO 13.9N, CA US","2024-11-17",,,
"US1CASD0080","SAN DIEGO 13.9N, CA US","2024-11-18",,,
"US1CASD0080","SAN DIEGO 13.9N, CA US","2024-11-19",,,
"US1CASD0080","SAN DIEGO 13.9N, CA US","2024-11-20",,,
"US1CASD0080","SAN DIEGO 13.9N, CA US","2024-11-21",,,
"US1CASD0080","SAN DIEGO 13.9N, CA US","2024-11-22",,,
"US1CASD0080","SAN DIEGO 13.9N, CA US","2024-11-23",,,
"US1CASD0080","SAN DIEGO 13.9N, CA US","2024-11-24",,,
"US1CASD0162","EL CAJON 7.8 NE, CA US","2024-11-15",,,
"US1CASD0162","EL CAJON 7.8 NE, CA US","2024-11-16",,,
"US1CASD0162","EL CAJON 7.8 NE, CA US","2024-11-24",,,
"US1CASD0197","ESCONDIDO 0.5 SSE, CA US","2024-11-15",,,
"US1CASD0197","ESCONDIDO 0.5 SSE, CA US","2024-11-16",,,
"US1CASD0197","ESCONDIDO 0.5 SSE, CA US","2024-11-17",,,
"US1CASD0197","ESCONDIDO 0.5 SSE, CA US","2024-11-18",,,
"US1CASD0197","ESCONDIDO 0.5 SSE, CA US","2024-11-19",,,
"US1CASD0197","ESCONDIDO 0.5 SSE, CA US","2024-11-20",,,
"US1CASD0197","ESCONDIDO 0.5 SSE, CA US","2024-11-21",,,
"US1CASD0197","ESCONDIDO 0.5 SSE, CA US","2024-11-22",,,
"US1CASD0197","ESCONDIDO 0.5 SSE, CA US","2024-11-23",,,
"US1CASD0197","ESCONDIDO 0.5 SSE, CA US","2024-11-25",,,
"US1CASD0197","ESCONDIDO 0.5 SSE, CA US","2024-11-26",,,
"US1CASD0197","ESCONDIDO 0.5 SSE, CA US","2024-11-27",,,
"US1CASD0114","POWAY 3.9 NNW, CA US","2024-11-15",,,
"US1CASD0114","POWAY 3.9 NNW, CA US","2024-11-16",,,
"USW00053120","RAMONA AIRPORT, CA US","2024-11-15",,"63","44"
"USW00053120","RAMONA AIRPORT, CA US","2024-11-16",,"62","32"
"USW00053120","RAMONA AIRPORT, CA US","2024-11-17",,"68","28"
"USW00053120","RAMONA AIRPORT, CA US","2024-11-18",,"65","27"
"USW00053120","RAMONA AIRPORT, CA US","2024-11-19",,"72","31"
"USW00053120","RAMONA AIRPORT, CA US","2024-11-20",,"76","31"
"USW00053120","RAMONA AIRPORT, CA US","2024-11-21",,"82","28"
"USW00053120","RAMONA AIRPORT, CA US","2024-11-22",,"82","28"
"USW00053120","RAMONA AIRPORT, CA US","2024-11-23",,"71","26"
"USW00053120","RAMONA AIRPORT, CA US","2024-11-24",,"66","39"
"USW00053120","RAMONA AIRPORT, CA US","2024-11-25",,"77","39"
"USW00053120","RAMONA AIRPORT, CA US","2024-11-26",,"74","39"
"US1CASD0157","LEMON GROVE 0.9 W, CA US","2024-11-15",,,
"US1CASD0157","LEMON GROVE 0.9 W, CA US","2024-11-16",,,
"US1CASD0157","LEMON GROVE 0.9 W, CA US","2024-11-17",,,
"US1CASD0157","LEMON GROVE 0.9 W, CA US","2024-11-18",,,
"US1CASD0157","LEMON GROVE 0.9 W, CA US","2024-11-19",,,
"US1CASD0157","LEMON GROVE 0.9 W, CA US","2024-11-20",,,
"US1CASD0157","LEMON GROVE 0.9 W, CA US","2024-11-21",,,
"US1CASD0157","LEMON GROVE 0.9 W, CA US","2024-11-22",,,
"US1CASD0157","LEMON GROVE 0.9 W, CA US","2024-11-23",,,
"US1CASD0157","LEMON GROVE 0.9 W, CA US","2024-11-24",,,
"US1CASD0035","RANCHO BERNARDO 0.5SE, CA US","2024-11-15",,,
"US1CASD0035","RANCHO BERNARDO 0.5SE, CA US","2024-11-16",,,
"US1CASD0035","RANCHO BERNARDO 0.5SE, CA US","2024-11-17",,,
"US1CASD0035","RANCHO BERNARDO 0.5SE, CA US","2024-11-18",,,
"US1CASD0035","RANCHO BERNARDO 0.5SE, CA US","2024-11-19",,,
"US1CASD0035","RANCHO BERNARDO 0.5SE, CA US","2024-11-20",,,
"US1CASD0035","RANCHO BERNARDO 0.5SE, CA US","2024-11-21",,,
"US1CASD0035","RANCHO BERNARDO 0.5SE, CA US","2024-11-22",,,
"US1CASD0035","RANCHO BERNARDO 0.5SE, CA US","2024-11-23",,,
"US1CASD0035","RANCHO BERNARDO 0.5SE, CA US","2024-11-24",,,
"US1CASD0035","RANCHO BERNARDO 0.5SE, CA US","2024-11-25",,,
"US1CASD0035","RANCHO BERNARDO 0.5SE, CA US","2024-11-26",,,
"US1CASD0035","RANCHO BERNARDO 0.5SE, CA US","2024-11-27",,,
"US1CASD0035","RANCHO BERNARDO 0.5SE, CA US","2024-11-28",,,
"US1CASD0238","DEERHORN VALLEY 1.3 E, CA US","2024-11-15",,,
"US1CASD0238","DEERHORN VALLEY 1.3 E, CA US","2024-11-16",,,
"US1CASD0238","DEERHORN VALLEY 1.3 E, CA US","2024-11-17",,,
"US1CASD0238","DEERHORN VALLEY 1.3 E, CA US","2024-11-18",,,
"US1CASD0238","DEERHORN VALLEY 1.3 E, CA US","2024-11-19",,,
"US1CASD0238","DEERHORN VALLEY 1.3 E, CA US","2024-11-20",,,
"US1CASD0238","DEERHORN VALLEY 1.3 E, CA US","2024-11-21",,,
"US1CASD0238","DEERHORN VALLEY 1.3 E, CA US","2024-11-22",,,
"US1CASD0238","DEERHORN VALLEY 1.3 E, CA US","2024-11-23",,,
"US1CASD0238","DEERHORN VALLEY 1.3 E, CA US","2024-11-24",,,
"US1CASD0238","DEERHORN VALLEY 1.3 E, CA US","2024-11-25",,,
"US1CASD0238","DEERHORN VALLEY 1.3 E, CA US","2024-11-26",,,
"US1CASD0238","DEERHORN VALLEY 1.3 E, CA US","2024-11-27",,,
"US1CASD0237","SOLANA BEACH 2.4 ENE, CA US","2024-11-15",,,
"US1CASD0237","SOLANA BEACH 2.4 ENE, CA US","2024-11-16",,,
"US1CASD0237","SOLANA BEACH 2.4 ENE, CA US","2024-11-17",,,
"US1CASD0237","SOLANA BEACH 2.4 ENE, CA US","2024-11-18",,,
"US1CASD0237","SOLANA BEACH 2.4 ENE, CA US","2024-11-19",,,
"US1CASD0237","SOLANA BEACH 2.4 ENE, CA US","2024-11-20",,,
"US1CASD0237","SOLANA BEACH 2.4 ENE, CA US","2024-11-21",,,
"US1CASD0237","SOLANA BEACH 2.4 ENE, CA US","2024-11-24",,,
"US1CASD0237","SOLANA BEACH 2.4 ENE, CA US","2024-11-25",,,
"US1CASD0237","SOLANA BEACH 2.4 ENE, CA US","2024-11-27",,,
"US1CASD0030","LA JOLLA 2.1 SE, CA US","2024-11-15",,,
"US1CASD0030","LA JOLLA 2.1 SE, CA US","2024-11-16",,,
"US1CASD0030","LA JOLLA 2.1 SE, CA US","2024-11-17",,,
"US1CASD0030","LA JOLLA 2.1 SE, CA US","2024-11-18",,,
"US1CASD0030","LA JOLLA 2.1 SE, CA US","2024-11-19",,,
"US1CASD0030","LA JOLLA 2.1 SE, CA US","2024-11-20",,,
"US1CASD0030","LA JOLLA 2.1 SE, CA US","2024-11-21",,,
"US1CASD0030","LA JOLLA 2.1 SE, CA US","2024-11-22",,,
"US1CASD0030","LA JOLLA 2.1 SE, CA US","2024-11-23",,,
"US1CASD0030","LA JOLLA 2.1 SE, CA US","2024-11-24",,,
"US1CASD0030","LA JOLLA 2.1 SE, CA US","2024-11-25",,,
"US1CASD0030","LA JOLLA 2.1 SE, CA US","2024-11-26",,,
"US1CASD0030","LA JOLLA 2.1 SE, CA US","2024-11-27",,,
"US1CASD0030","LA JOLLA 2.1 SE, CA US","2024-11-28",,,
"US1CASD0074","RANCHO BERNARDO 1.9WSW, CA US","2024-11-15",,,
"US1CASD0074","RANCHO BERNARDO 1.9WSW, CA US","2024-11-24",,,
"USR0000CALP","ALPINE CALIFORNIA, CA US","2024-11-15","45","53","42"
"USR0000CALP","ALPINE CALIFORNIA, CA US","2024-11-16","45","55","39"
"USR0000CALP","ALPINE CALIFORNIA, CA US","2024-11-17","49","62","39"
"USR0000CALP","ALPINE CALIFORNIA, CA US","2024-11-18","49","61","39"
"USR0000CALP","ALPINE CALIFORNIA, CA US","2024-11-19","53","68","38"
"USR0000CALP","ALPINE CALIFORNIA, CA US","2024-11-20","58","76","47"
"USR0000CALP","ALPINE CALIFORNIA, CA US","2024-11-21","63","80","50"
"USR0000CALP","ALPINE CALIFORNIA, CA US","2024-11-22","62","81","50"
"USR0000CALP","ALPINE CALIFORNIA, CA US","2024-11-23","56","71","48"
"USR0000CALP","ALPINE CALIFORNIA, CA US","2024-11-24","51","58","46"
"USR0000CALP","ALPINE CALIFORNIA, CA US","2024-11-25","59","72","48"
"USR0000CALP","ALPINE CALIFORNIA, CA US","2024-11-26","59","70","53"
"USR0000CALP","ALPINE CALIFORNIA, CA US","2024-11-27","58","68","51"
"USR0000CALP","ALPINE CALIFORNIA, CA US","2024-11-28","57","71","50"
"US1CASD0193","SOLANA BEACH 0.7 NNE, CA US","2024-11-15",,,
"US1CASD0193","SOLANA BEACH 0.7 NNE, CA US","2024-11-16",,,
"US1CASD0193","SOLANA BEACH 0.7 NNE, CA US","2024-11-17",,,
"US1CASD0193","SOLANA BEACH 0.7 NNE, CA US","2024-11-18",,,
"US1CASD0193","SOLANA BEACH 0.7 NNE, CA US","2024-11-19",,,
"US1CASD0193","SOLANA BEACH 0.7 NNE, CA US","2024-11-20",,,
"US1CASD0193","SOLANA BEACH 0.7 NNE, CA US","2024-11-21",,,
"US1CASD0193","SOLANA BEACH 0.7 NNE, CA US","2024-11-22",,,
"US1CASD0193","SOLANA BEACH 0.7 NNE, CA US","2024-11-23",,,
"US1CASD0193","SOLANA BEACH 0.7 NNE, CA US","2024-11-24",,,
"US1CASD0193","SOLANA BEACH 0.7 NNE, CA US","2024-11-25",,,
"US1CASD0193","SOLANA BEACH 0.7 NNE, CA US","2024-11-26",,,
"US1CASD0193","SOLANA BEACH 0.7 NNE, CA US","2024-11-27",,,
"US1CASD0023","CARDIFF BY THE SEA 0.2 E, CA US","2024-11-24",,,
"US1CASD0144","ESCONDIDO 2.2 NNW, CA US","2024-11-15",,,
"US1CASD0144","ESCONDIDO 2.2 NNW, CA US","2024-11-16",,,
"US1CASD0144","ESCONDIDO 2.2 NNW, CA US","2024-11-17",,,
"US1CASD0144","ESCONDIDO 2.2 NNW, CA US","2024-11-18",,,
"US1CASD0144","ESCONDIDO 2.2 NNW, CA US","2024-11-19",,,
"US1CASD0144","ESCONDIDO 2.2 NNW, CA US","2024-11-20",,,
"US1CASD0144","ESCONDIDO 2.2 NNW, CA US","2024-11-21",,,
"US1CASD0144","ESCONDIDO 2.2 NNW, CA US","2024-11-22",,,
"US1CASD0144","ESCONDIDO 2.2 NNW, CA US","2024-11-23",,,
"US1CASD0144","ESCONDIDO 2.2 NNW, CA US","2024-11-24",,,
"US1CASD0144","ESCONDIDO 2.2 NNW, CA US","2024-11-25",,,
"US1CASD0144","ESCONDIDO 2.2 NNW, CA US","2024-11-26",,,
"US1CASD0144","ESCONDIDO 2.2 NNW, CA US","2024-11-27",,,
"US1CASD0221","SAN DIEGO 6.6 S, CA US","2024-11-15",,,
"US1CASD0022","POWAY 1.4SW, CA US","2024-11-15",,,
"US1CASD0022","POWAY 1.4SW, CA US","2024-11-16",,,
"US1CASD0022","POWAY 1.4SW, CA US","2024-11-17",,,
"US1CASD0022","POWAY 1.4SW, CA US","2024-11-18",,,
"US1CASD0022","POWAY 1.4SW, CA US","2024-11-19",,,
"US1CASD0022","POWAY 1.4SW, CA US","2024-11-20",,,
"US1CASD0022","POWAY 1.4SW, CA US","2024-11-21",,,
"US1CASD0022","POWAY 1.4SW, CA US","2024-11-22",,,
"US1CASD0022","POWAY 1.4SW, CA US","2024-11-23",,,
"US1CASD0022","POWAY 1.4SW, CA US","2024-11-24",,,
"US1CASD0022","POWAY 1.4SW, CA US","2024-11-25",,,
"US1CASD0022","POWAY 1.4SW, CA US","2024-11-26",,,
"US1CASD0022","POWAY 1.4SW, CA US","2024-11-27",,,
"US1CASD0022","POWAY 1.4SW, CA US","2024-11-28",,,
"US1CASD0220","SAN DIEGO 4.7 ESE, CA US","2024-11-15",,,
"US1CASD0220","SAN DIEGO 4.7 ESE, CA US","2024-11-16",,,
"US1CASD0220","SAN DIEGO 4.7 ESE, CA US","2024-11-17",,,
"US1CASD0220","SAN DIEGO 4.7 ESE, CA US","2024-11-18",,,
"US1CASD0220","SAN DIEGO 4.7 ESE, CA US","2024-11-19",,,
"US1CASD0220","SAN DIEGO 4.7 ESE, CA US","2024-11-20",,,
"US1CASD0220","SAN DIEGO 4.7 ESE, CA US","2024-11-21",,,
"US1CASD0142","SANTEE 2.4NNE, CA US","2024-11-24",,,
"US1CASD0186","RAMONA 1.8 WSW, CA US","2024-11-15",,,
"US1CASD0186","RAMONA 1.8 WSW, CA US","2024-11-16",,,
"US1CASD0186","RAMONA 1.8 WSW, CA US","2024-11-17",,,
"US1CASD0186","RAMONA 1.8 WSW, CA US","2024-11-18",,,
"US1CASD0186","RAMONA 1.8 WSW, CA US","2024-11-19",,,
"US1CASD0186","RAMONA 1.8 WSW, CA US","2024-11-20",,,
"US1CASD0186","RAMONA 1.8 WSW, CA US","2024-11-21",,,
"US1CASD0186","RAMONA 1.8 WSW, CA US","2024-11-22",,,
"US1CASD0186","RAMONA 1.8 WSW, CA US","2024-11-23",,,
"US1CASD0186","RAMONA 1.8 WSW, CA US","2024-11-24",,,
"US1CASD0186","RAMONA 1.8 WSW, CA US","2024-11-25",,,
"US1CASD0186","RAMONA 1.8 WSW, CA US","2024-11-26",,,
"US1CASD0186","RAMONA 1.8 WSW, CA US","2024-11-27",,,
"US1CASD0186","RAMONA 1.8 WSW, CA US","2024-11-28",,,
"US1CASD0020","CHULA VISTA 1.5 SSE, CA US","2024-11-15",,,
"US1CASD0027","SAN DIEGO 3.5NE, CA US","2024-11-15",,,
"US1CASD0027","SAN DIEGO 3.5NE, CA US","2024-11-16",,,
"US1CASD0027","SAN DIEGO 3.5NE, CA US","2024-11-24",,,
"US1CASD0104","DESCANSO 0.8 N, CA US","2024-11-15",,,
"US1CASD0104","DESCANSO 0.8 N, CA US","2024-11-16",,,
"US1CASD0104","DESCANSO 0.8 N, CA US","2024-11-17",,,
"US1CASD0104","DESCANSO 0.8 N, CA US","2024-11-18",,,
"US1CASD0104","DESCANSO 0.8 N, CA US","2024-11-19",,,
"US1CASD0104","DESCANSO 0.8 N, CA US","2024-11-20",,,
"US1CASD0104","DESCANSO 0.8 N, CA US","2024-11-21",,,
"US1CASD0104","DESCANSO 0.8 N, CA US","2024-11-22",,,
"US1CASD0104","DESCANSO 0.8 N, CA US","2024-11-23",,,
"US1CASD0104","DESCANSO 0.8 N, CA US","2024-11-24",,,
"US1CASD0104","DESCANSO 0.8 N, CA US","2024-11-25",,,
"US1CASD0104","DESCANSO 0.8 N, CA US","2024-11-26",,,
"US1CASD0104","DESCANSO 0.8 N, CA US","2024-11-27",,,
"US1CASD0104","DESCANSO 0.8 N, CA US","2024-11-28",,,
"US1CASD0103","LAKESIDE 4.1NNE, CA US","2024-11-15",,,
"US1CASD0103","LAKESIDE 4.1NNE, CA US","2024-11-16",,,
"US1CASD0103","LAKESIDE 4.1NNE, CA US","2024-11-17",,,
"US1CASD0103","LAKESIDE 4.1NNE, CA US","2024-11-18",,,
"US1CASD0103","LAKESIDE 4.1NNE, CA US","2024-11-19",,,
"US1CASD0103","LAKESIDE 4.1NNE, CA US","2024-11-20",,,
"US1CASD0103","LAKESIDE 4.1NNE, CA US","2024-11-21",,,
"US1CASD0103","LAKESIDE 4.1NNE, CA US","2024-11-22",,,
"US1CASD0103","LAKESIDE 4.1NNE, CA US","2024-11-23",,,
"US1CASD0103","LAKESIDE 4.1NNE, CA US","2024-11-24",,,
"US1CASD0103","LAKESIDE 4.1NNE, CA US","2024-11-25",,,
"US1CASD0103","LAKESIDE 4.1NNE, CA US","2024-11-26",,,
"US1CASD0103","LAKESIDE 4.1NNE, CA US","2024-11-27",,,
"US1CASD0146","DEL MAR 0.5 NNW, CA US","2024-11-15",,,
"US1CASD0146","DEL MAR 0.5 NNW, CA US","2024-11-16",,,
"US1CASD0146","DEL MAR 0.5 NNW, CA US","2024-11-17",,,
"US1CASD0146","DEL MAR 0.5 NNW, CA US","2024-11-18",,,
"US1CASD0146","DEL MAR 0.5 NNW, CA US","2024-11-19",,,
"US1CASD0146","DEL MAR 0.5 NNW, CA US","2024-11-20",,,
"US1CASD0146","DEL MAR 0.5 NNW, CA US","2024-11-21",,,
"US1CASD0146","DEL MAR 0.5 NNW, CA US","2024-11-22",,,
"US1CASD0146","DEL MAR 0.5 NNW, CA US","2024-11-23",,,
"US1CASD0146","DEL MAR 0.5 NNW, CA US","2024-11-24",,,
"US1CASD0146","DEL MAR 0.5 NNW, CA US","2024-11-25",,,
"US1CASD0146","DEL MAR 0.5 NNW, CA US","2024-11-26",,,
"US1CASD0146","DEL MAR 0.5 NNW, CA US","2024-11-27",,,
"US1CASD0146","DEL MAR 0.5 NNW, CA US","2024-11-28",,,
"US1CASD0024","CHULA VISTA 2.5SE, CA US","2024-11-15",,,
"US1CASD0024","CHULA VISTA 2.5SE, CA US","2024-11-16",,,
"US1CASD0024","CHULA VISTA 2.5SE, CA US","2024-11-17",,,
"US1CASD0024","CHULA VISTA 2.5SE, CA US","2024-11-18",,,
"US1CASD0024","CHULA VISTA 2.5SE, CA US","2024-11-19",,,
"US1CASD0024","CHULA VISTA 2.5SE, CA US","2024-11-20",,,
"US1CASD0024","CHULA VISTA 2.5SE, CA US","2024-11-21",,,
"US1CASD0024","CHULA VISTA 2.5SE, CA US","2024-11-22",,,
"US1CASD0024","CHULA VISTA 2.5SE, CA US","2024-11-23",,,
"US1CASD0024","CHULA VISTA 2.5SE, CA US","2024-11-24",,,
"US1CASD0024","CHULA VISTA 2.5SE, CA US","2024-11-25",,,
"US1CASD0024","CHULA VISTA 2.5SE, CA US","2024-11-26",,,
"US1CASD0024","CHULA VISTA 2.5SE, CA US","2024-11-27",,,
"USR0000CDES","DESCANSO CALIFORNIA, CA US","2024-11-15","42","49","39"
"USR0000CDES","DESCANSO CALIFORNIA, CA US","2024-11-16","40","51","31"
"USR0000CDES","DESCANSO CALIFORNIA, CA US","2024-11-17","42","58","30"
"USR0000CDES","DESCANSO CALIFORNIA, CA US","2024-11-18","43","59","30"
"USR0000CDES","DESCANSO CALIFORNIA, CA US","2024-11-19","47","63","30"
"USR0000CDES","DESCANSO CALIFORNIA, CA US","2024-11-20","51","72","38"
"USR0000CDES","DESCANSO CALIFORNIA, CA US","2024-11-21","54","77","39"
"USR0000CDES","DESCANSO CALIFORNIA, CA US","2024-11-22","53","78","36"
"USR0000CDES","DESCANSO CALIFORNIA, CA US","2024-11-23","50","68","35"
"USR0000CDES","DESCANSO CALIFORNIA, CA US","2024-11-24","48","55","38"
"USR0000CDES","DESCANSO CALIFORNIA, CA US","2024-11-25","53","69","39"
"USR0000CDES","DESCANSO CALIFORNIA, CA US","2024-11-26","52","66","42"
"USR0000CDES","DESCANSO CALIFORNIA, CA US","2024-11-27","54","64","45"
"USR0000CDES","DESCANSO CALIFORNIA, CA US","2024-11-28","52","68","44"
"US1CASD0228","SAN DIEGO 6.7 S, CA US","2024-11-15",,,
"US1CASD0228","SAN DIEGO 6.7 S, CA US","2024-11-16",,,
"US1CASD0228","SAN DIEGO 6.7 S, CA US","2024-11-17",,,
"US1CASD0228","SAN DIEGO 6.7 S, CA US","2024-11-18",,,
"US1CASD0228","SAN DIEGO 6.7 S, CA US","2024-11-19",,,
"US1CASD0228","SAN DIEGO 6.7 S, CA US","2024-11-20",,,
"US1CASD0228","SAN DIEGO 6.7 S, CA US","2024-11-21",,,
"US1CASD0228","SAN DIEGO 6.7 S, CA US","2024-11-22",,,
"US1CASD0228","SAN DIEGO 6.7 S, CA US","2024-11-23",,,
"US1CASD0228","SAN DIEGO 6.7 S, CA US","2024-11-24",,,
"US1CASD0228","SAN DIEGO 6.7 S, CA US","2024-11-25",,,
"US1CASD0228","SAN DIEGO 6.7 S, CA US","2024-11-26",,,
"US1CASD0228","SAN DIEGO 6.7 S, CA US","2024-11-27",,,
"US1CASD0029","SAN DIEGO 7.9NE, CA US","2024-11-15",,,
"US1CASD0029","SAN DIEGO 7.9NE, CA US","2024-11-16",,,
"US1CASD0029","SAN DIEGO 7.9NE, CA US","2024-11-17",,,
"US1CASD0029","SAN DIEGO 7.9NE, CA US","2024-11-18",,,
"US1CASD0029","SAN DIEGO 7.9NE, CA US","2024-11-19",,,
"US1CASD0029","SAN DIEGO 7.9NE, CA US","2024-11-20",,,
"US1CASD0029","SAN DIEGO 7.9NE, CA US","2024-11-21",,,
"US1CASD0029","SAN DIEGO 7.9NE, CA US","2024-11-22",,,
"US1CASD0029","SAN DIEGO 7.9NE, CA US","2024-11-23",,,
"US1CASD0029","SAN DIEGO 7.9NE, CA US","2024-11-24",,,
"US1CASD0029","SAN DIEGO 7.9NE, CA US","2024-11-25",,,
"US1CASD0029","SAN DIEGO 7.9NE, CA US","2024-11-26",,,
"US1CASD0029","SAN DIEGO 7.9NE, CA US","2024-11-27",,,
"US1CASD0029","SAN DIEGO 7.9NE, CA US","2024-11-28",,,
"USW00023188","SAN DIEGO INTERNATIONAL AIRPORT, CA US","2024-11-15","62","66","58"
"USW00023188","SAN DIEGO INTERNATIONAL AIRPORT, CA US","2024-11-16","59","64","50"
"USW00023188","SAN DIEGO INTERNATIONAL AIRPORT, CA US","2024-11-17","56","67","43"
"USW00023188","SAN DIEGO INTERNATIONAL AIRPORT, CA US","2024-11-18","58","66","51"
"USW00023188","SAN DIEGO INTERNATIONAL AIRPORT, CA US","2024-11-19","60","67","50"
"USW00023188","SAN DIEGO INTERNATIONAL AIRPORT, CA US","2024-11-20","58","73","45"
"USW00023188","SAN DIEGO INTERNATIONAL AIRPORT, CA US","2024-11-21","57","70","46"
"USW00023188","SAN DIEGO INTERNATIONAL AIRPORT, CA US","2024-11-22","56","69","44"
"USW00023188","SAN DIEGO INTERNATIONAL AIRPORT, CA US","2024-11-23","58","66","49"
"USW00023188","SAN DIEGO INTERNATIONAL AIRPORT, CA US","2024-11-24","61","66","55"
"USW00023188","SAN DIEGO INTERNATIONAL AIRPORT, CA US","2024-11-25","60","73","51"
"USW00023188","SAN DIEGO INTERNATIONAL AIRPORT, CA US","2024-11-26","61","69","51"
"USW00023188","SAN DIEGO INTERNATIONAL AIRPORT, CA US","2024-11-27","62",,
"USW00023188","SAN DIEGO INTERNATIONAL AIRPORT, CA US","2024-11-28","60",,
