"STATION","NAME","DATE","AWND","DAPR","MDPR","PGTM","PRCP","SNOW","SNWD","TAVG","TMAX","TMIN","WDF2","WDF5","WESD","WESF","WSF2","WSF5","WT01","WT02","WT08"
"USR0000CGOO","GOOSE VALLEY CALIFORNIA, CA US","2024-11-15",,,,,,,,"50","58","45",,,,,,,,,
"USR0000CGOO","GOOSE VALLEY CALIFORNIA, CA US","2024-11-16",,,,,,,,"50","60","43",,,,,,,,,
"USR0000CGOO","GOOSE VALLEY CALIFORNIA, CA US","2024-11-17",,,,,,,,"53","66","42",,,,,,,,,
"USR0000CGOO","GOOSE VALLEY CALIFORNIA, CA US","2024-11-18",,,,,,,,"53","64","46",,,,,,,,,
"USR0000CGOO","GOOSE VALLEY CALIFORNIA, CA US","2024-11-19",,,,,,,,"56","72","42",,,,,,,,,
"USR0000CGOO","GOOSE VALLEY CALIFORNIA, CA US","2024-11-20",,,,,,,,"62","74","54",,,,,,,,,
"USR0000CGOO","GOOSE VALLEY CALIFORNIA, CA US","2024-11-21",,,,,,,,"66","80","57",,,,,,,,,
"USR0000CGOO","GOOSE VALLEY CALIFORNIA, CA US","2024-11-22",,,,,,,,"64","80","53",,,,,,,,,
"USR0000CGOO","GOOSE VALLEY CALIFORNIA, CA US","2024-11-23",,,,,,,,"56","69","48",,,,,,,,,
"USR0000CGOO","GOOSE VALLEY CALIFORNIA, CA US","2024-11-24",,,,,,,,"54","63","50",,,,,,,,,
"USR0000CGOO","GOOSE VALLEY CALIFORNIA, CA US","2024-11-25",,,,,,,,"61","76","50",,,,,,,,,
"USR0000CGOO","GOOSE VALLEY CALIFORNIA, CA US","2024-11-26",,,,,,,,"61","71","56",,,,,,,,,
"USR0000CGOO","GOOSE VALLEY CALIFORNIA, CA US","2024-11-27",,,,,,,,"60","70","54",,,,,,,,,
"USR0000CGOO","GOOSE VALLEY CALIFORNIA, CA US","2024-11-28",,,,,,,,"61","74","53",,,,,,,,,
"USW00093112","NORTH ISLAND NAS, CA US","2024-11-15","12.97",,," 1105","0.00",,,,"65","56","  300","  310",,,"21.9","34.0",,,
"USW00093112","NORTH ISLAND NAS, CA US","2024-11-16","6.26",,," 1649","0.00",,,,"63","47","  310","  310",,,"18.1","25.1",,,
"USW00093112","NORTH ISLAND NAS, CA US","2024-11-17","4.03",,," 1255","0.00",,,,"65","42","  290","  290",,,"16.1","21.0",,,
"USW00093112","NORTH ISLAND NAS, CA US","2024-11-18","6.93",,," 1102","0.00",,,,"63","48","  170","  170",,,"15.0","19.0",,,
"USW00093112","NORTH ISLAND NAS, CA US","2024-11-19","6.49",,," 1240","0.00",,,,"65","47","  320","  330",,,"18.1","28.0",,,
"USW00093112","NORTH ISLAND NAS, CA US","2024-11-20","4.92",,," 1648","0.00",,,,"70","45","  320","   10",,,"12.1","23.9",,,
"USW00093112","NORTH ISLAND NAS, CA US","2024-11-21","6.71",,," 1425","0.00",,,,"67","47","  320","  360",,,"17.0","29.1",,,
"USW00093112","NORTH ISLAND NAS, CA US","2024-11-22","5.14",,," 1347","0.00",,,,"66","45","  320","  350",,,"17.0","25.9",,,
"USW00093112","NORTH ISLAND NAS, CA US","2024-11-23","5.14",,," 1352","0.02",,,,"64","48","  300","  300",,,"17.0","19.9",,,
"USW00093112","NORTH ISLAND NAS, CA US","2024-11-24","6.26",,," 1719","0.00",,,,"64","54","  330","  320",,,"15.0","17.0",,,
"USW00093112","NORTH ISLAND NAS, CA US","2024-11-25","5.82",,," 1500","0.00",,,,"73","49","  320","  310",,,"17.0","19.9",,,
"USW00093112","NORTH ISLAND NAS, CA US","2024-11-26","5.37",,," 1340","0.00",,,,"67","50","  310","  310",,,"14.1","25.9",,,
"US1CASD0063","ESCONDIDO 7.2 SE, CA US","2024-11-15",,,,,"0.08",,,,,,,,,,,,,,
"US1CASD0184","ESCONDIDO 2.8 SW, CA US","2024-11-15",,,,,"0.01",,,,,,,,,,,,,,
"US1CASD0184","ESCONDIDO 2.8 SW, CA US","2024-11-24",,,,,"0.07",,,,,,,,,,,,,,
"USW00093115","IMPERIAL BEACH REAM FIELD NAS, CA US","2024-11-15","13.87",,," 1246","0.00",,,,,,"  300","  300",,,"21.9","25.9",,,
"USW00093115","IMPERIAL BEACH REAM FIELD NAS, CA US","2024-11-16","7.61",,," 0006","0.00",,,,,,"  290","  290",,,"15.0","19.9",,,
"USW00093115","IMPERIAL BEACH REAM FIELD NAS, CA US","2024-11-22",,,," 1350","0.00",,,,,,"  320","  320",,,"16.1","21.0",,,
"USW00093115","IMPERIAL BEACH REAM FIELD NAS, CA US","2024-11-23","6.04",,," 1351","0.01",,,,,,"  310","  310",,,"16.1","19.9",,,
"US1CASD0060","SAN DIEGO 9.5 NNW, CA US","2024-11-25",,"   25","0.17",,,,,,,,,,,,,,,,
"US1CASD0181","SAN DIEGO 7.6 SE, CA US","2024-11-24",,,,,"0.03",,,,,,,,,,,,,,
"US1CASD0012","POWAY 3.2NE, CA US","2024-11-15",,,,,"0.08",,,,,,,,,,,,,,
"US1CASD0012","POWAY 3.2NE, CA US","2024-11-16",,,,,"0.02",,,,,,,,,,,,,,
"US1CASD0012","POWAY 3.2NE, CA US","2024-11-17",,,,,"0.00","0.0",,,,,,,,,,,,,
"US1CASD0012","POWAY 3.2NE, CA US","2024-11-18",,,,,"0.00","0.0",,,,,,,,,,,,,
"US1CASD0012","POWAY 3.2NE, CA US","2024-11-19",,,,,"0.00","0.0",,,,,,,,,,,,,
"US1CASD0012","POWAY 3.2NE, CA US","2024-11-20",,,,,"0.00","0.0",,,,,,,,,,,,,
"US1CASD0012","POWAY 3.2NE, CA US","2024-11-21",,,,,"0.00","0.0",,,,,,,,,,,,,
"US1CASD0012","POWAY 3.2NE, CA US","2024-11-22",,,,,"0.00","0.0",,,,,,,,,,,,,
"US1CASD0012","POWAY 3.2NE, CA US","2024-11-23",,,,,"0.00","0.0",,,,,,,,,,,,,
"US1CASD0012","POWAY 3.2NE, CA US","2024-11-24",,,,,"0.06",,,,,,,,,,,,,,
"US1CASD0012","POWAY 3.2NE, CA US","2024-11-25",,,,,"0.00",,,,,,,,,,,,,,
"US1CASD0012","POWAY 3.2NE, CA US","2024-11-26",,,,,"0.00","0.0",,,,,,,,,,,,,
"US1CASD0012","POWAY 3.2NE, CA US","2024-11-27",,,,,"0.00","0.0",,,,,,,,,,,,,
"US1CASD0012","POWAY 3.2NE, CA US","2024-11-28",,,,,"0.00","0.0",,,,,,,,,,,,,
"US1CASD0133","CLAIREMONT 3.7SSE, CA US","2024-11-15",,,,,"0.00",,,,,,,,,,,,,,
"US1CASD0133","CLAIREMONT 3.7SSE, CA US","2024-11-16",,,,,"0.00",,,,,,,,,,,,,,
"US1CASD0133","CLAIREMONT 3.7SSE, CA US","2024-11-17",,,,,"0.00","0.0",,,,,,,,,,,,,
"US1CASD0133","CLAIREMONT 3.7SSE, CA US","2024-11-18",,,,,"0.00","0.0",,,,,,,,,,,,,
"US1CASD0133","CLAIREMONT 3.7SSE, CA US","2024-11-19",,,,,"0.00","0.0",,,,,,,,,,,,,
"US1CASD0133","CLAIREMONT 3.7SSE, CA US","2024-11-20",,,,,"0.00","0.0",,,,,,,,,,,,,
"US1CASD0133","CLAIREMONT 3.7SSE, CA US","2024-11-21",,,,,"0.00","0.0",,,,,,,,,,,,,
"US1CASD0133","CLAIREMONT 3.7SSE, CA US","2024-11-22",,,,,"0.00","0.0",,,,,,,,,,,,,
"US1CASD0133","CLAIREMONT 3.7SSE, CA US","2024-11-23",,,,,"0.00","0.0",,,,,,,,,,,,,
"US1CASD0133","CLAIREMONT 3.7SSE, CA US","2024-11-24",,,,,"0.06",,,,,,,,,,,,,,
"US1CASD0133","CLAIREMONT 3.7SSE, CA US","2024-11-25",,,,,"0.00","0.0",,,,,,,,,,,,,
"US1CASD0133","CLAIREMONT 3.7SSE, CA US","2024-11-26",,,,,"0.00","0.0",,,,,,,,,,,,,
"US1CASD0133","CLAIREMONT 3.7SSE, CA US","2024-11-27",,,,,"0.00","0.0",,,,,,,,,,,,,
"US1CASD0133","CLAIREMONT 3.7SSE, CA US","2024-11-28",,,,,"0.00","0.0",,,,,,,,,,,,,
"US1CASD0055","SAN DIEGO 5.2WNW, CA US","2024-11-24",,,,,"0.04",,,,,,,,,,,,,,
"US1CASD0132","DESCANSO 3.7N, CA US","2024-11-15",,,,,"0.26",,,,,,,,,,,,,,
"US1CASD0132","DESCANSO 3.7N, CA US","2024-11-16",,,,,"0.09",,,,,,,,,,,,,,
"US1CASD0132","DESCANSO 3.7N, CA US","2024-11-17",,,,,"0.00","0.0",,,,,,,,,,,,,
"US1CASD0132","DESCANSO 3.7N, CA US","2024-11-20",,,,,"0.00","0.0",,,,,,,,,,,,,
"US1CASD0132","DESCANSO 3.7N, CA US","2024-11-22",,,,,"0.00","0.0",,,,,,,,,,,,,
"US1CASD0132","DESCANSO 3.7N, CA US","2024-11-23",,,,,"0.00","0.0",,,,,,,,,,,,,
"US1CASD0132","DESCANSO 3.7N, CA US","2024-11-24",,,,,"0.14",,,,,,,,,,,,,,
"US1CASD0132","DESCANSO 3.7N, CA US","2024-11-25",,,,,"0.00","0.0",,,,,,,,,,,,,
"US1CASD0132","DESCANSO 3.7N, CA US","2024-11-26",,,,,"0.00","0.0",,,,,,,,,,,,,
"US1CASD0010","ESCONDIDO 2.5 SSE, CA US","2024-11-15",,,,,"0.01",,,,,,,,,,,,,,
"US1CASD0010","ESCONDIDO 2.5 SSE, CA US","2024-11-16",,,,,"0.00","0.0",,,,,,,,,,,,,
"US1CASD0010","ESCONDIDO 2.5 SSE, CA US","2024-11-17",,,,,"0.00","0.0",,,,,,,,,,,,,
"US1CASD0010","ESCONDIDO 2.5 SSE, CA US","2024-11-18",,,,,"0.00","0.0",,,,,,,,,,,,,
"US1CASD0010","ESCONDIDO 2.5 SSE, CA US","2024-11-19",,,,,"0.00","0.0",,,,,,,,,,,,,
"US1CASD0010","ESCONDIDO 2.5 SSE, CA US","2024-11-20",,,,,"0.00","0.0",,,,,,,,,,,,,
"US1CASD0010","ESCONDIDO 2.5 SSE, CA US","2024-11-21",,,,,"0.00","0.0",,,,,,,,,,,,,
"US1CASD0010","ESCONDIDO 2.5 SSE, CA US","2024-11-22",,,,,"0.00","0.0",,,,,,,,,,,,,
"US1CASD0010","ESCONDIDO 2.5 SSE, CA US","2024-11-23",,,,,"0.00","0.0",,,,,,,,,,,,,
"US1CASD0010","ESCONDIDO 2.5 SSE, CA US","2024-11-24",,,,,"0.06",,,,,,,,,,,,,,
"US1CASD0010","ESCONDIDO 2.5 SSE, CA US","2024-11-25",,,,,"0.00",,,,,,,,,,,,,,
"US1CASD0054","DESCANSO 0.3 WNW, CA US","2024-11-15",,,,,"0.09",,,,,,,,,,,,,,
"US1CASD0054","DESCANSO 0.3 WNW, CA US","2024-11-16",,,,,"0.22",,,,,,,,,,,,,,
"US1CASD0054","DESCANSO 0.3 WNW, CA US","2024-11-24",,,,,"0.04",,,,,,,,,,,,,,
"US1CASD0131","MID CITY SAN DIEGO 0.5W, CA US","2024-11-15",,,,,"0.01",,,,,,,,,,,,,,
"US1CASD0131","MID CITY SAN DIEGO 0.5W, CA US","2024-11-16",,,,,"0.00",,,,,,,,,,,,,,
"US1CASD0131","MID CITY SAN DIEGO 0.5W, CA US","2024-11-17",,,,,"0.00","0.0",,,,,,,,,,,,,
"US1CASD0131","MID CITY SAN DIEGO 0.5W, CA US","2024-11-18",,,,,"0.00","0.0",,,,,,,,,,,,,
"US1CASD0131","MID CITY SAN DIEGO 0.5W, CA US","2024-11-19",,,,,"0.00","0.0",,,,,,,,,,,,,
"US1CASD0131","MID CITY SAN DIEGO 0.5W, CA US","2024-11-20",,,,,"0.00","0.0",,,,,,,,,,,,,
"US1CASD0131","MID CITY SAN DIEGO 0.5W, CA US","2024-11-21",,,,,"0.00","0.0",,,,,,,,,,,,,
"US1CASD0131","MID CITY SAN DIEGO 0.5W, CA US","2024-11-22",,,,,"0.00","0.0",,,,,,,,,,,,,
"US1CASD0131","MID CITY SAN DIEGO 0.5W, CA US","2024-11-23",,,,,"0.00","0.0",,,,,,,,,,,,,
"US1CASD0131","MID CITY SAN DIEGO 0.5W, CA US","2024-11-24",,,,,"0.04",,,,,,,,,,,,,,
"US1CASD0131","MID CITY SAN DIEGO 0.5W, CA US","2024-11-25",,,,,"0.00","0.0",,,,,,,,,,,,,
"US1CASD0131","MID CITY SAN DIEGO 0.5W, CA US","2024-11-26",,,,,"0.00","0.0",,,,,,,,,,,,,
"US1CASD0131","MID CITY SAN DIEGO 0.5W, CA US","2024-11-27",,,,,"0.00","0.0",,,,,,,,,,,,,
"US1CASD0131","MID CITY SAN DIEGO 0.5W, CA US","2024-11-28",,,,,"0.00",,,,,,,,,,,,,,
"US1CASD0097","CARLSBAD 8.3SE, CA US","2024-11-15",,,,,"0.00","0.0",,,,,,,,,,,,,
"US1CASD0097","CARLSBAD 8.3SE, CA US","2024-11-16",,,,,"0.00",,,,,,,,,,,,,,
"US1CASD0097","CARLSBAD 8.3SE, CA US","2024-11-17",,,,,"0.00","0.0",,,,,,,,,,,,,
"US1CASD0097","CARLSBAD 8.3SE, CA US","2024-11-18",,,,,"0.00","0.0",,,,,,,,,,,,,
"US1CASD0097","CARLSBAD 8.3SE, CA US","2024-11-19",,,,,"0.00","0.0",,,,,,,,,,,,,
"US1CASD0097","CARLSBAD 8.3SE, CA US","2024-11-20",,,,,"0.00","0.0",,,,,,,,,,,,,
"US1CASD0097","CARLSBAD 8.3SE, CA US","2024-11-21",,,,,"0.00","0.0",,,,,,,,,,,,,
"US1CASD0097","CARLSBAD 8.3SE, CA US","2024-11-22",,,,,"0.00","0.0",,,,,,,,,,,,,
"US1CASD0097","CARLSBAD 8.3SE, CA US","2024-11-23",,,,,"0.00","0.0",,,,,,,,,,,,,
"US1CASD0097","CARLSBAD 8.3SE, CA US","2024-11-24",,,,,"0.05",,,,,,,,,,,,,,
"US1CASD0097","CARLSBAD 8.3SE, CA US","2024-11-25",,,,,"0.00","0.0",,,,,,,,,,,,,
"US1CASD0097","CARLSBAD 8.3SE, CA US","2024-11-26",,,,,"0.00","0.0",,,,,,,,,,,,,
"US1CASD0097","CARLSBAD 8.3SE, CA US","2024-11-27",,,,,"0.00","0.0",,,,,,,,,,,,,
"US1CASD0059","ESCONDIDO 0.8 NNE, CA US","2024-11-15",,,,,"0.00","0.0",,,,,,,,,,,,,
"US1CASD0059","ESCONDIDO 0.8 NNE, CA US","2024-11-16",,,,,"0.19",,,,,,,,,,,,,,
"US1CASD0059","ESCONDIDO 0.8 NNE, CA US","2024-11-17",,,,,"0.00","0.0",,,,,,,,,,,,,
"US1CASD0059","ESCONDIDO 0.8 NNE, CA US","2024-11-18",,,,,"0.00","0.0",,,,,,,,,,,,,
"US1CASD0059","ESCONDIDO 0.8 NNE, CA US","2024-11-19",,,,,"0.00","0.0",,,,,,,,,,,,,
"US1CASD0059","ESCONDIDO 0.8 NNE, CA US","2024-11-20",,,,,"0.00","0.0",,,,,,,,,,,,,
"US1CASD0059","ESCONDIDO 0.8 NNE, CA US","2024-11-21",,,,,"0.00","0.0",,,,,,,,,,,,,
"US1CASD0059","ESCONDIDO 0.8 NNE, CA US","2024-11-22",,,,,"0.00","0.0",,,,,,,,,,,,,
"US1CASD0059","ESCONDIDO 0.8 NNE, CA US","2024-11-23",,,,,"0.00","0.0",,,,,,,,,,,,,
"US1CASD0059","ESCONDIDO 0.8 NNE, CA US","2024-11-25",,,,,"0.00","0.0",,,,,,,,,,,,,
"US1CASD0059","ESCONDIDO 0.8 NNE, CA US","2024-11-27",,,,,"0.00","0.0",,,,,,,,,,,,,
"US1CASD0057","VISTA 1.2SE, CA US","2024-11-16",,,,,"0.03",,,,,,,,,,,,,,
"US1CASD0217","SAN DIEGO 5.0 NW, CA US","2024-11-15",,,,,"0.00","0.0",,,,,,,,,,,,,
"US1CASD0217","SAN DIEGO 5.0 NW, CA US","2024-11-16",,,,,"0.00","0.0",,,,,,,,,,,,,
"US1CASD0217","SAN DIEGO 5.0 NW, CA US","2024-11-17",,,,,"0.00","0.0",,,,,,,,,,,,,
"US1CASD0217","SAN DIEGO 5.0 NW, CA US","2024-11-18",,,,,"0.00","0.0",,,,,,,,,,,,,
"US1CASD0217","SAN DIEGO 5.0 NW, CA US","2024-11-19",,,,,"0.00","0.0",,,,,,,,,,,,,
"US1CASD0217","SAN DIEGO 5.0 NW, CA US","2024-11-20",,,,,"0.00","0.0",,,,,,,,,,,,,
"US1CASD0217","SAN DIEGO 5.0 NW, CA US","2024-11-21",,,,,"0.00","0.0",,,,,,,,,,,,,
"US1CASD0217","SAN DIEGO 5.0 NW, CA US","2024-11-22",,,,,"0.00","0.0",,,,,,,,,,,,,
"US1CASD0217","SAN DIEGO 5.0 NW, CA US","2024-11-23",,,,,"0.00","0.0",,,,,,,,,,,,,
"US1CASD0217","SAN DIEGO 5.0 NW, CA US","2024-11-24",,,,,"0.04",,,,,,,,,,,,,,
"US1CASD0217","SAN DIEGO 5.0 NW, CA US","2024-11-25",,,,,"0.00","0.0",,,,,,,,,,,,,
"US1CASD0217","SAN DIEGO 5.0 NW, CA US","2024-11-26",,,,,"0.00","0.0",,,,,,,,,,,,,
"US1CASD0217","SAN DIEGO 5.0 NW, CA US","2024-11-27",,,,,"0.00","0.0",,,,,,,,,,,,,
"US1CASD0217","SAN DIEGO 5.0 NW, CA US","2024-11-28",,,,,"0.01",,,,,,,,,,,,,,
"US1CASD0018","CHULA VISTA 6.3E, CA US","2024-11-15",,,,,"0.00",,,,,,,,,,,,,,
"US1CASD0018","CHULA VISTA 6.3E, CA US","2024-11-16",,,,,"0.03",,,,,,,,,,,,,,
"US1CASD0018","CHULA VISTA 6.3E, CA US","2024-11-17",,,,,"0.00","0.0",,,,,,,,,,,,,
"US1CASD0018","CHULA VISTA 6.3E, CA US","2024-11-18",,,,,"0.00","0.0",,,,,,,,,,,,,
"US1CASD0018","CHULA VISTA 6.3E, CA US","2024-11-19",,,,,"0.00","0.0",,,,,,,,,,,,,
"US1CASD0018","CHULA VISTA 6.3E, CA US","2024-11-20",,,,,"0.00","0.0",,,,,,,,,,,,,
"US1CASD0018","CHULA VISTA 6.3E, CA US","2024-11-21",,,,,"0.00","0.0",,,,,,,,,,,,,
"US1CASD0018","CHULA VISTA 6.3E, CA US","2024-11-22",,,,,"0.00","0.0",,,,,,,,,,,,,
"US1CASD0018","CHULA VISTA 6.3E, CA US","2024-11-23",,,,,"0.00","0.0",,,,,,,,,,,,,
"US1CASD0018","CHULA VISTA 6.3E, CA US","2024-11-24",,,,,"0.03",,,,,,,,,,,,,,
"US1CASD0018","CHULA VISTA 6.3E, CA US","2024-11-25",,,,,"0.00","0.0",,,,,,,,,,,,,
"US1CASD0018","CHULA VISTA 6.3E, CA US","2024-11-26",,,,,"0.00","0.0",,,,,,,,,,,,,
"US1CASD0018","CHULA VISTA 6.3E, CA US","2024-11-27",,,,,"0.00","0.0",,,,,,,,,,,,,
"US1CASD0090","LA MESA 2.6E, CA US","2024-11-15",,,,,"0.00",,,,,,,,,,,,,,
"US1CASD0090","LA MESA 2.6E, CA US","2024-11-16",,,,,"0.02",,,,,,,,,,,,,,
"US1CASD0090","LA MESA 2.6E, CA US","2024-11-17",,,,,"0.00","0.0",,,,,,,,,,,,,
"US1CASD0090","LA MESA 2.6E, CA US","2024-11-18",,,,,"0.00","0.0",,,,,,,,,,,,,
"US1CASD0090","LA MESA 2.6E, CA US","2024-11-19",,,,,"0.00","0.0",,,,,,,,,,,,,
"US1CASD0090","LA MESA 2.6E, CA US","2024-11-20",,,,,"0.00","0.0",,,,,,,,,,,,,
"US1CASD0090","LA MESA 2.6E, CA US","2024-11-21",,,,,"0.00","0.0",,,,,,,,,,,,,
"US1CASD0090","LA MESA 2.6E, CA US","2024-11-22",,,,,"0.00","0.0",,,,,,,,,,,,,
"US1CASD0090","LA MESA 2.6E, CA US","2024-11-23",,,,,"0.00","0.0",,,,,,,,,,,,,
"US1CASD0090","LA MESA 2.6E, CA US","2024-11-24",,,,,"0.05",,,,,,,,,,,,,,
"US1CASD0052","POWAY 4.7NNW, CA US","2024-11-15",,,,,"0.00",,,,,,,,,,,,,,
"US1CASD0052","POWAY 4.7NNW, CA US","2024-11-16",,,,,"0.14",,,,,,,,,,,,,,
"US1CASD0052","POWAY 4.7NNW, CA US","2024-11-17",,,,,"0.00","0.0",,,,,,,,,,,,,
"US1CASD0052","POWAY 4.7NNW, CA US","2024-11-18",,,,,"0.00","0.0",,,,,,,,,,,,,
"US1CASD0052","POWAY 4.7NNW, CA US","2024-11-19",,,,,"0.00","0.0",,,,,,,,,,,,,
"US1CASD0052","POWAY 4.7NNW, CA US","2024-11-20",,,,,"0.00","0.0",,,,,,,,,,,,,
"US1CASD0052","POWAY 4.7NNW, CA US","2024-11-21",,,,,"0.00","0.0",,,,,,,,,,,,,
"US1CASD0052","POWAY 4.7NNW, CA US","2024-11-22",,,,,"0.00","0.0",,,,,,,,,,,,,
"US1CASD0052","POWAY 4.7NNW, CA US","2024-11-23",,,,,"0.00","0.0",,,,,,,,,,,,,
"US1CASD0052","POWAY 4.7NNW, CA US","2024-11-24",,,,,"0.07",,,,,,,,,,,,,,
"US1CASD0052","POWAY 4.7NNW, CA US","2024-11-25",,,,,"0.00","0.0",,,,,,,,,,,,,
"US1CASD0052","POWAY 4.7NNW, CA US","2024-11-26",,,,,"0.00","0.0",,,,,,,,,,,,,
"US1CASD0052","POWAY 4.7NNW, CA US","2024-11-27",,,,,"0.00","0.0",,,,,,,,,,,,,
"US1CASD0052","POWAY 4.7NNW, CA US","2024-11-28",,,,,"0.00",,,,,,,,,,,,,,
"US1CASD0096","SAN MARCOS 2.6W, CA US","2024-11-15",,,,,"0.00",,,,,,,,,,,,,,
"US1CASD0096","SAN MARCOS 2.6W, CA US","2024-11-23",,"    8","0.00",,,,,,,,,,,,,,,,
"US1CASD0096","SAN MARCOS 2.6W, CA US","2024-11-24",,,,,"0.09",,,,,,,,,,,,,,
"US1CASD0173","SAN DIEGO 1.9 W, CA US","2024-11-15",,,,,"0.02",,,,,,,,,,,,,,
"US1CASD0173","SAN DIEGO 1.9 W, CA US","2024-11-16",,,,,"0.00","0.0",,,,,,,,,,,,,
"US1CASD0173","SAN DIEGO 1.9 W, CA US","2024-11-17",,,,,"0.00","0.0",,,,,,,,,,,,,
"US1CASD0173","SAN DIEGO 1.9 W, CA US","2024-11-18",,,,,"0.00","0.0",,,,,,,,,,,,,
"US1CASD0173","SAN DIEGO 1.9 W, CA US","2024-11-19",,,,,"0.00","0.0",,,,,,,,,,,,,
"US1CASD0173","SAN DIEGO 1.9 W, CA US","2024-11-20",,,,,"0.00","0.0",,,,,,,,,,,,,
"US1CASD0173","SAN DIEGO 1.9 W, CA US","2024-11-21",,,,,"0.00","0.0",,,,,,,,,,,,,
"US1CASD0173","SAN DIEGO 1.9 W, CA US","2024-11-22",,,,,"0.00","0.0",,,,,,,,,,,,,
"US1CASD0173","SAN DIEGO 1.9 W, CA US","2024-11-23",,,,,"0.00","0.0",,,,,,,,,,,,,
"US1CASD0173","SAN DIEGO 1.9 W, CA US","2024-11-24",,,,,"0.04","0.0",,,,,,,,,,,,,
"US1CASD0173","SAN DIEGO 1.9 W, CA US","2024-11-25",,,,,"0.00","0.0",,,,,,,,,,,,,
"US1CASD0173","SAN DIEGO 1.9 W, CA US","2024-11-26",,,,,"0.00","0.0",,,,,,,,,,,,,
"US1CASD0173","SAN DIEGO 1.9 W, CA US","2024-11-27",,,,,"0.00","0.0",,,,,,,,,,,,,
"US1CASD0173","SAN DIEGO 1.9 W, CA US","2024-11-28",,,,,"0.00","0.0",,,,,,,,,,,,,
"US1CASD0051","DESCANSO 3.7 NNW, CA US","2024-11-16",,"    3","0.32",,,,,,,,,,,,,,,,
"US1CASD0051","DESCANSO 3.7 NNW, CA US","2024-11-18",,"    2","0.02",,,,,,,,,,,,,,,,
"US1CASD0051","DESCANSO 3.7 NNW, CA US","2024-11-24",,,,,"0.15",,,,,,,,,,,,,,
"US1CASD0172","SAN DIEGO 3.5 ENE, CA US","2024-11-15",,,,,"0.03",,,,,,,,,,,,,,
"US1CASD0172","SAN DIEGO 3.5 ENE, CA US","2024-11-16",,,,,"0.00",,,,,,,,,,,,,,
"US1CASD0172","SAN DIEGO 3.5 ENE, CA US","2024-11-17",,,,,"0.00","0.0",,,,,,,,,,,,,
"US1CASD0172","SAN DIEGO 3.5 ENE, CA US","2024-11-18",,,,,"0.00","0.0",,,,,,,,,,,,,
"US1CASD0172","SAN DIEGO 3.5 ENE, CA US","2024-11-19",,,,,"0.00","0.0",,,,,,,,,,,,,
"US1CASD0172","SAN DIEGO 3.5 ENE, CA US","2024-11-20",,,,,"0.00","0.0",,,,,,,,,,,,,
"US1CASD0172","SAN DIEGO 3.5 ENE, CA US","2024-11-21",,,,,"0.00","0.0",,,,,,,,,,,,,
"US1CASD0172","SAN DIEGO 3.5 ENE, CA US","2024-11-22",,,,,"0.00","0.0",,,,,,,,,,,,,
"US1CASD0172","SAN DIEGO 3.5 ENE, CA US","2024-11-23",,,,,"0.00","0.0",,,,,,,,,,,,,
"US1CASD0172","SAN DIEGO 3.5 ENE, CA US","2024-11-24",,,,,"0.04",,,,,,,,,,,,,,
"US1CASD0172","SAN DIEGO 3.5 ENE, CA US","2024-11-25",,,,,"0.00","0.0",,,,,,,,,,,,,
"US1CASD0172","SAN DIEGO 3.5 ENE, CA US","2024-11-26",,,,,"0.00","0.0",,,,,,,,,,,,,
"US1CASD0001","SAN MARCOS 2.5 ENE, CA US","2024-11-15",,,,,"0.02",,,,,,,,,,,,,,
"US1CASD0001","SAN MARCOS 2.5 ENE, CA US","2024-11-16",,,,,"0.24",,,,,,,,,,,,,,
"US1CASD0001","SAN MARCOS 2.5 ENE, CA US","2024-11-17",,,,,"0.00","0.0",,,,,,,,,,,,,
"US1CASD0001","SAN MARCOS 2.5 ENE, CA US","2024-11-18",,,,,"0.00","0.0",,,,,,,,,,,,,
"US1CASD0001","SAN MARCOS 2.5 ENE, CA US","2024-11-19",,,,,"0.00","0.0",,,,,,,,,,,,,
"US1CASD0001","SAN MARCOS 2.5 ENE, CA US","2024-11-20",,,,,"0.00","0.0",,,,,,,,,,,,,
"US1CASD0001","SAN MARCOS 2.5 ENE, CA US","2024-11-21",,,,,"0.00","0.0",,,,,,,,,,,,,
"US1CASD0001","SAN MARCOS 2.5 ENE, CA US","2024-11-22",,,,,"0.00","0.0",,,,,,,,,,,,,
"US1CASD0001","SAN MARCOS 2.5 ENE, CA US","2024-11-23",,,,,"0.00","0.0",,,,,,,,,,,,,
"US1CASD0001","SAN MARCOS 2.5 ENE, CA US","2024-11-24",,,,,"0.10","0.0",,,,,,,,,,,,,
"US1CASD0001","SAN MARCOS 2.5 ENE, CA US","2024-11-25",,,,,"0.00","0.0",,,,,,,,,,,,,
"US1CASD0001","SAN MARCOS 2.5 ENE, CA US","2024-11-26",,,,,"0.00","0.0",,,,,,,,,,,,,
"US1CASD0001","SAN MARCOS 2.5 ENE, CA US","2024-11-27",,,,,"0.00","0.0",,,,,,,,,,,,,
"US1CASD0165","SANTEE 0.7 W, CA US","2024-11-24",,,,,"0.22",,,,,,,,,,,,,,
"USW00003178","SAN DIEGO BROWN FIELD, CA US","2024-11-15","7.61",,,,"0.00",,,,"65","52","  270","  290",,,"18.1","30.0",,,
"USW00003178","SAN DIEGO BROWN FIELD, CA US","2024-11-16","4.92",,,,"0.00",,,,"66","42","  280","  280",,,"13.0","18.1","    1",,"    1"
"USW00003178","SAN DIEGO BROWN FIELD, CA US","2024-11-17","5.14",,,,"0.00",,,,"68","38","  270","  270",,,"15.0","19.9","    1",,"    1"
"USW00003178","SAN DIEGO BROWN FIELD, CA US","2024-11-18","7.83",,,,"0.00",,,,"68","42","  200","  180",,,"14.1","21.0","    1",,"    1"
"USW00003178","SAN DIEGO BROWN FIELD, CA US","2024-11-19","4.92",,,,"0.00",,,,"69","43","  270","  260",,,"13.0","18.1","    1",,"    1"
"USW00003178","SAN DIEGO BROWN FIELD, CA US","2024-11-20","3.36",,,,"0.00",,,,"73","41","  270","  270",,,"10.1","14.1",,,"    1"
"USW00003178","SAN DIEGO BROWN FIELD, CA US","2024-11-21","3.80",,,,"0.00",,,,"75","43","  270","  260",,,"13.0","16.1",,,"    1"
"USW00003178","SAN DIEGO BROWN FIELD, CA US","2024-11-22","2.91",,,,"0.00",,,,"76","40","  280","  270",,,"12.1","18.1","    1",,"    1"
"USW00003178","SAN DIEGO BROWN FIELD, CA US","2024-11-23","3.80",,,,"0.01",,,,"69","1","  270","  270",,,"13.0","19.0","    1","    1","    1"
"USW00003178","SAN DIEGO BROWN FIELD, CA US","2024-11-24","3.13",,,,"0.00",,,,"66","1","  270","  260",,,"10.1","15.0","    1","    1","    1"
"USW00003178","SAN DIEGO BROWN FIELD, CA US","2024-11-25","3.80",,,,"0.00",,,,,,"  270","  280",,,"13.0","18.1","    1",,"    1"
"USW00003178","SAN DIEGO BROWN FIELD, CA US","2024-11-26",,,,,"0.00",,,,"74","49",,,,,,,,,
"US1CASD0120","N CLAIREMONT 0.6SSE, CA US","2024-11-15",,,,,"0.02",,,,,,,,,,,,,,
"US1CASD0120","N CLAIREMONT 0.6SSE, CA US","2024-11-16",,,,,"0.01",,,,,,,,,,,,,,
"US1CASD0120","N CLAIREMONT 0.6SSE, CA US","2024-11-17",,,,,"0.00","0.0",,,,,,,,,,,,,
"US1CASD0120","N CLAIREMONT 0.6SSE, CA US","2024-11-18",,,,,"0.00","0.0",,,,,,,,,,,,,
"US1CASD0120","N CLAIREMONT 0.6SSE, CA US","2024-11-19",,,,,"0.00","0.0",,,,,,,,,,,,,
"US1CASD0120","N CLAIREMONT 0.6SSE, CA US","2024-11-20",,,,,"0.00","0.0",,,,,,,,,,,,,
"US1CASD0120","N CLAIREMONT 0.6SSE, CA US","2024-11-21",,,,,"0.00","0.0",,,,,,,,,,,,,
"US1CASD0120","N CLAIREMONT 0.6SSE, CA US","2024-11-22",,,,,"0.00","0.0",,,,,,,,,,,,,
"US1CASD0120","N CLAIREMONT 0.6SSE, CA US","2024-11-23",,,,,"0.00","0.0",,,,,,,,,,,,,
"US1CASD0120","N CLAIREMONT 0.6SSE, CA US","2024-11-24",,,,,"0.05",,,,,,,,,,,,,,
"US1CASD0120","N CLAIREMONT 0.6SSE, CA US","2024-11-25",,,,,"0.00","0.0",,,,,,,,,,,,,
"US1CASD0120","N CLAIREMONT 0.6SSE, CA US","2024-11-26",,,,,"0.00","0.0",,,,,,,,,,,,,
"US1CASD0120","N CLAIREMONT 0.6SSE, CA US","2024-11-27",,,,,"0.00","0.0",,,,,,,,,,,,,
"US1CASD0120","N CLAIREMONT 0.6SSE, CA US","2024-11-28",,,,,"0.00","0.0",,,,,,,,,,,,,
"US1CASD0164","LA MESA 1.2 E, CA US","2024-11-15",,,,,"0.00","0.0",,,,,,,,,,,,,
"US1CASD0164","LA MESA 1.2 E, CA US","2024-11-16",,,,,"0.01",,,,,,,,,,,,,,
"US1CASD0164","LA MESA 1.2 E, CA US","2024-11-17",,,,,"0.00","0.0",,,,,,,,,,,,,
"US1CASD0164","LA MESA 1.2 E, CA US","2024-11-18",,,,,"0.00","0.0",,,,,,,,,,,,,
"US1CASD0164","LA MESA 1.2 E, CA US","2024-11-19",,,,,"0.00","0.0",,,,,,,,,,,,,
"US1CASD0164","LA MESA 1.2 E, CA US","2024-11-20",,,,,"0.00","0.0",,,,,,,,,,,,,
"US1CASD0164","LA MESA 1.2 E, CA US","2024-11-21",,,,,"0.00","0.0",,,,,,,,,,,,,
"US1CASD0164","LA MESA 1.2 E, CA US","2024-11-23",,,,,"0.00","0.0",,,,,,,,,,,,,
"US1CASD0164","LA MESA 1.2 E, CA US","2024-11-24",,,,,"0.03",,,,,,,,,,,,,,
"US1CASD0164","LA MESA 1.2 E, CA US","2024-11-25",,,,,"0.00","0.0",,,,,,,,,,,,,
"US1CASD0164","LA MESA 1.2 E, CA US","2024-11-27",,,,,"0.00","0.0",,,,,,,,,,,,,
"US1CASD0241","SAN DIEGO 2.3 E, CA US","2024-11-15",,,,,"0.02",,,,,,,,,,,,,,
"US1CASD0241","SAN DIEGO 2.3 E, CA US","2024-11-16",,,,,"0.00",,,,,,,,,,,,,,
"US1CASD0241","SAN DIEGO 2.3 E, CA US","2024-11-17",,,,,"0.00","0.0",,,,,,,,,,,,,
"US1CASD0241","SAN DIEGO 2.3 E, CA US","2024-11-18",,,,,"0.00","0.0",,,,,,,,,,,,,
"US1CASD0241","SAN DIEGO 2.3 E, CA US","2024-11-19",,,,,"0.00","0.0",,,,,,,,,,,,,
"US1CASD0241","SAN DIEGO 2.3 E, CA US","2024-11-20",,,,,"0.00","0.0",,,,,,,,,,,,,
"US1CASD0241","SAN DIEGO 2.3 E, CA US","2024-11-21",,,,,"0.00","0.0",,,,,,,,,,,,,
"US1CASD0241","SAN DIEGO 2.3 E, CA US","2024-11-22",,,,,"0.00","0.0",,,,,,,,,,,,,
"US1CASD0241","SAN DIEGO 2.3 E, CA US","2024-11-23",,,,,"0.00","0.0",,,,,,,,,,,,,
"US1CASD0241","SAN DIEGO 2.3 E, CA US","2024-11-24",,,,,"0.03",,,,,,,,,,,,,,
"US1CASD0241","SAN DIEGO 2.3 E, CA US","2024-11-25",,,,,"0.00","0.0",,,,,,,,,,,,,
"US1CASD0241","SAN DIEGO 2.3 E, CA US","2024-11-26",,,,,"0.00","0.0",,,,,,,,,,,,,
"US1CASD0241","SAN DIEGO 2.3 E, CA US","2024-11-27",,,,,"0.00","0.0",,,,,,,,,,,,,
"US1CASD0086","CARLSBAD 1.3ENE, CA US","2024-11-15",,,,,"0.00","0.0",,,,,,,,,,,,,
"US1CASD0086","CARLSBAD 1.3ENE, CA US","2024-11-16",,,,,"0.00","0.0",,,,,,,,,,,,,
"US1CASD0086","CARLSBAD 1.3ENE, CA US","2024-11-17",,,,,"0.00","0.0",,,,,,,,,,,,,
"US1CASD0086","CARLSBAD 1.3ENE, CA US","2024-11-18",,,,,"0.00","0.0",,,,,,,,,,,,,
"US1CASD0086","CARLSBAD 1.3ENE, CA US","2024-11-19",,,,,"0.00","0.0",,,,,,,,,,,,,
"US1CASD0086","CARLSBAD 1.3ENE, CA US","2024-11-20",,,,,"0.00","0.0",,,,,,,,,,,,,
"US1CASD0086","CARLSBAD 1.3ENE, CA US","2024-11-21",,,,,"0.00","0.0",,,,,,,,,,,,,
"US1CASD0086","CARLSBAD 1.3ENE, CA US","2024-11-23",,,,,"0.00","0.0",,,,,,,,,,,,,
"US1CASD0086","CARLSBAD 1.3ENE, CA US","2024-11-24",,,,,"0.12",,,,,,,,,,,,,,
"US1CASD0086","CARLSBAD 1.3ENE, CA US","2024-11-25",,,,,"0.00","0.0",,,,,,,,,,,,,
"US1CASD0086","CARLSBAD 1.3ENE, CA US","2024-11-26",,,,,"0.00","0.0",,,,,,,,,,,,,
"US1CASD0086","CARLSBAD 1.3ENE, CA US","2024-11-27",,,,,"0.00","0.0",,,,,,,,,,,,,
"US1CASD0086","CARLSBAD 1.3ENE, CA US","2024-11-28",,,,,"0.00","0.0",,,,,,,,,,,,,
"US1CASD0203","EL CAJON 8.8 ENE, CA US","2024-11-15",,,,,"0.05",,,,,,,,,,,,,,
"US1CASD0203","EL CAJON 8.8 ENE, CA US","2024-11-16",,,,,"0.02",,,,,,,,,,,,,,
"US1CASD0203","EL CAJON 8.8 ENE, CA US","2024-11-17",,,,,"0.00","0.0",,,,,,,,,,,,,
"US1CASD0203","EL CAJON 8.8 ENE, CA US","2024-11-18",,,,,"0.00","0.0",,,,,,,,,,,,,
"US1CASD0203","EL CAJON 8.8 ENE, CA US","2024-11-19",,,,,"0.00","0.0",,,,,,,,,,,,,
"US1CASD0203","EL CAJON 8.8 ENE, CA US","2024-11-20",,,,,"0.00","0.0",,,,,,,,,,,,,
"US1CASD0203","EL CAJON 8.8 ENE, CA US","2024-11-21",,,,,"0.00","0.0",,,,,,,,,,,,,
"US1CASD0203","EL CAJON 8.8 ENE, CA US","2024-11-22",,,,,"0.00","0.0",,,,,,,,,,,,,
"US1CASD0203","EL CAJON 8.8 ENE, CA US","2024-11-23",,,,,"0.00","0.0",,,,,,,,,,,,,
"US1CASD0203","EL CAJON 8.8 ENE, CA US","2024-11-24",,,,,"0.06",,,,,,,,,,,,,,
"US1CASD0203","EL CAJON 8.8 ENE, CA US","2024-11-25",,,,,"0.00","0.0",,,,,,,,,,,,,
"US1CASD0203","EL CAJON 8.8 ENE, CA US","2024-11-26",,,,,"0.01",,,,,,,,,,,,,,
"US1CASD0203","EL CAJON 8.8 ENE, CA US","2024-11-27",,,,,"0.00","0.0",,,,,,,,,,,,,
"US1CASD0047","CHULA VISTA 3.1SE, CA US","2024-11-15",,,,,"0.11",,,,,,,,,,,,,,
"US1CASD0047","CHULA VISTA 3.1SE, CA US","2024-11-24",,,,,"0.02",,,,,,,,,,,,,,
"US1CASD0009","EL CAJON 1.5WSW, CA US","2024-11-15",,,,,"0.07",,,,,,,,,,,,,,
"US1CASD0207","OCEANSIDE 5.2 SSE, CA US","2024-11-15",,,,,"0.00","0.0",,,,,,,,,,,,,
"US1CASD0207","OCEANSIDE 5.2 SSE, CA US","2024-11-16",,,,,"0.00",,,,,,,,,,,,,,
"US1CASD0207","OCEANSIDE 5.2 SSE, CA US","2024-11-17",,,,,"0.00","0.0",,,,,,,,,,,,,
"US1CASD0207","OCEANSIDE 5.2 SSE, CA US","2024-11-18",,,,,"0.00","0.0",,,,,,,,,,,,,
"US1CASD0207","OCEANSIDE 5.2 SSE, CA US","2024-11-19",,,,,"0.00","0.0",,,,,,,,,,,,,
"US1CASD0207","OCEANSIDE 5.2 SSE, CA US","2024-11-20",,,,,"0.00","0.0",,,,,,,,,,,,,
"US1CASD0207","OCEANSIDE 5.2 SSE, CA US","2024-11-21",,,,,"0.00","0.0",,,,,,,,,,,,,
"US1CASD0207","OCEANSIDE 5.2 SSE, CA US","2024-11-22",,,,,"0.00","0.0",,,,,,,,,,,,,
"US1CASD0207","OCEANSIDE 5.2 SSE, CA US","2024-11-23",,,,,"0.00","0.0",,,,,,,,,,,,,
"US1CASD0207","OCEANSIDE 5.2 SSE, CA US","2024-11-24",,,,,"0.08",,,,,,,,,,,,,,
"US1CASD0207","OCEANSIDE 5.2 SSE, CA US","2024-11-25",,,,,"0.00","0.0",,,,,,,,,,,,,
"US1CASD0207","OCEANSIDE 5.2 SSE, CA US","2024-11-26",,,,,"0.00","0.0",,,,,,,,,,,,,
"US1CASD0207","OCEANSIDE 5.2 SSE, CA US","2024-11-27",,,,,"0.00","0.0",,,,,,,,,,,,,
"US1CASD0207","OCEANSIDE 5.2 SSE, CA US","2024-11-28",,,,,"0.00","0.0",,,,,,,,,,,,,
"US1CASD0007","ENCINITAS 3.34ENE, CA US","2024-11-15",,,,,"0.00","0.0",,,,,,,,,,,,,
"US1CASD0007","ENCINITAS 3.34ENE, CA US","2024-11-16",,,,,"0.00","0.0",,,,,,,,,,,,,
"US1CASD0007","ENCINITAS 3.34ENE, CA US","2024-11-17",,,,,"0.00","0.0",,,,,,,,,,,,,
"US1CASD0007","ENCINITAS 3.34ENE, CA US","2024-11-18",,,,,"0.00","0.0",,,,,,,,,,,,,
"US1CASD0007","ENCINITAS 3.34ENE, CA US","2024-11-19",,,,,"0.00","0.0",,,,,,,,,,,,,
"US1CASD0007","ENCINITAS 3.34ENE, CA US","2024-11-20",,,,,"0.00","0.0",,,,,,,,,,,,,
"US1CASD0007","ENCINITAS 3.34ENE, CA US","2024-11-21",,,,,"0.00","0.0",,,,,,,,,,,,,
"US1CASD0007","ENCINITAS 3.34ENE, CA US","2024-11-22",,,,,"0.00","0.0",,,,,,,,,,,,,
"US1CASD0007","ENCINITAS 3.34ENE, CA US","2024-11-23",,,,,"0.00","0.0",,,,,,,,,,,,,
"US1CASD0128","SAN MARCOS 3.3 WSW, CA US","2024-11-16",,,,,"0.00",,,,,,,,,,,,,,
"US1CASD0128","SAN MARCOS 3.3 WSW, CA US","2024-11-24",,,,,"0.09",,,,,,,,,,,,,,
"USR0000CSMI","SAN MIGUEL CALIFORNIA, CA US","2024-11-15",,,,,,,,"55","60","51",,,,,,,,,
"USR0000CSMI","SAN MIGUEL CALIFORNIA, CA US","2024-11-16",,,,,,,,"54","63","49",,,,,,,,,
"USR0000CSMI","SAN MIGUEL CALIFORNIA, CA US","2024-11-17",,,,,,,,"55","68","46",,,,,,,,,
"USR0000CSMI","SAN MIGUEL CALIFORNIA, CA US","2024-11-18",,,,,,,,"56","67","44",,,,,,,,,
"USR0000CSMI","SAN MIGUEL CALIFORNIA, CA US","2024-11-19",,,,,,,,"57","71","49",,,,,,,,,
"USR0000CSMI","SAN MIGUEL CALIFORNIA, CA US","2024-11-20",,,,,,,,"62","74","54",,,,,,,,,
"USR0000CSMI","SAN MIGUEL CALIFORNIA, CA US","2024-11-21",,,,,,,,"61","77","51",,,,,,,,,
"USR0000CSMI","SAN MIGUEL CALIFORNIA, CA US","2024-11-22",,,,,,,,"58","73","50",,,,,,,,,
"USR0000CSMI","SAN MIGUEL CALIFORNIA, CA US","2024-11-23",,,,,,,,"56","69","44",,,,,,,,,
"USR0000CSMI","SAN MIGUEL CALIFORNIA, CA US","2024-11-24",,,,,,,,"58","67","52",,,,,,,,,
"USR0000CSMI","SAN MIGUEL CALIFORNIA, CA US","2024-11-25",,,,,,,,"62","78","51",,,,,,,,,
"USR0000CSMI","SAN MIGUEL CALIFORNIA, CA US","2024-11-26",,,,,,,,"63","74","56",,,,,,,,,
"USR0000CSMI","SAN MIGUEL CALIFORNIA, CA US","2024-11-27",,,,,,,,"61","71","54",,,,,,,,,
"USR0000CSMI","SAN MIGUEL CALIFORNIA, CA US","2024-11-28",,,,,,,,"58","75","51",,,,,,,,,
"US1CASD0006","EL CAJON 2.3ENE, CA US","2024-11-15",,,,,"0.04",,,,,,,,,,,,,,
"US1CASD0006","EL CAJON 2.3ENE, CA US","2024-11-16",,,,,"0.03",,,,,,,,,,,,,,
"US1CASD0006","EL CAJON 2.3ENE, CA US","2024-11-19",,,,,"0.00","0.0",,,,,,,,,,,,,
"US1CASD0006","EL CAJON 2.3ENE, CA US","2024-11-20",,,,,"0.00","0.0",,,,,,,,,,,,,
"US1CASD0006","EL CAJON 2.3ENE, CA US","2024-11-21",,,,,"0.00","0.0",,,,,,,,,,,,,
"US1CASD0006","EL CAJON 2.3ENE, CA US","2024-11-22",,,,,"0.00","0.0",,,,,,,,,,,,,
"US1CASD0006","EL CAJON 2.3ENE, CA US","2024-11-23",,,,,"0.00","0.0",,,,,,,,,,,,,
"US1CASD0006","EL CAJON 2.3ENE, CA US","2024-11-24",,,,,"0.03",,,,,,,,,,,,,,
"US1CASD0006","EL CAJON 2.3ENE, CA US","2024-11-25",,,,,"0.00","0.0",,,,,,,,,,,,,
"US1CASD0006","EL CAJON 2.3ENE, CA US","2024-11-26",,,,,"0.00","0.0",,,,,,,,,,,,,
"US1CASD0006","EL CAJON 2.3ENE, CA US","2024-11-27",,,,,"0.00","0.0",,,,,,,,,,,,,
"USW00003131","SAN DIEGO MONTGOMERY FIELD, CA US","2024-11-15","10.51",,,,"0.01",,,,"63","53","  280","  280",,,"21.9","28.0",,,
"USW00003131","SAN DIEGO MONTGOMERY FIELD, CA US","2024-11-16","4.03",,,,"0.00",,,,"64","45","  320","  300",,,"15.0","19.9",,,
"USW00003131","SAN DIEGO MONTGOMERY FIELD, CA US","2024-11-17","4.03",,,,"0.00",,,,"69","40","  280","  300",,,"15.0","19.9",,,
"USW00003131","SAN DIEGO MONTGOMERY FIELD, CA US","2024-11-18","6.71",,,,"0.00",,,,"63","43","  190",,,,"14.1",,,,
"USW00003131","SAN DIEGO MONTGOMERY FIELD, CA US","2024-11-19","4.25",,,,"0.00",,,,"67","46","  320","  320",,,"14.1","18.1",,,
"USW00003131","SAN DIEGO MONTGOMERY FIELD, CA US","2024-11-20","3.80",,,,"0.00",,,,"73","44","  290","  260",,,"10.1","14.1",,,
"USW00003131","SAN DIEGO MONTGOMERY FIELD, CA US","2024-11-21","4.25",,,,"0.00",,,,"75","46","  320","  310",,,"15.0","18.1",,,
"USW00003131","SAN DIEGO MONTGOMERY FIELD, CA US","2024-11-22","4.25",,,,"0.00",,,,"72","41","  320","  300",,,"13.0","17.0",,,"    1"
"USW00003131","SAN DIEGO MONTGOMERY FIELD, CA US","2024-11-23","5.14",,,,"0.02",,,,"67","45","  300","  300",,,"14.1","17.0","    1","    1","    1"
"USW00003131","SAN DIEGO MONTGOMERY FIELD, CA US","2024-11-24","4.03",,,,"0.00",,,,"66","52","  290","  300",,,"12.1","17.0","    1",,
"USW00003131","SAN DIEGO MONTGOMERY FIELD, CA US","2024-11-25","4.03",,,,"0.00",,,,"78","48","  330","  330",,,"13.0","16.1",,,
"USW00003131","SAN DIEGO MONTGOMERY FIELD, CA US","2024-11-26","4.47",,," 1651","0.00",,,,"72","50","  300","  340",,,"12.1","16.1",,,
"USW00003177","CARLSBAD MCCLELLAN PALOMAR AIRPORT, CA US","2024-11-15","8.28",,,,"0.00",,,,"61","53","  260","  260",,,"15.0","25.1",,,
"USW00003177","CARLSBAD MCCLELLAN PALOMAR AIRPORT, CA US","2024-11-16","4.03",,,,"0.00",,,,"60","48","  260","  270",,,"13.0","19.9",,,
"USW00003177","CARLSBAD MCCLELLAN PALOMAR AIRPORT, CA US","2024-11-17","3.80",,,,"0.00",,,,"66","43","  250","  260",,,"13.0","18.1",,,
"USW00003177","CARLSBAD MCCLELLAN PALOMAR AIRPORT, CA US","2024-11-18","6.49",,,,"0.00",,,,"63","46","  220","  220",,,"15.0","21.9","    1","    1","    1"
"USW00003177","CARLSBAD MCCLELLAN PALOMAR AIRPORT, CA US","2024-11-19","3.58",,,,"0.00",,,,"65","48","  260","  250",,,"12.1","17.0","    1","    1","    1"
"USW00003177","CARLSBAD MCCLELLAN PALOMAR AIRPORT, CA US","2024-11-20","2.24",,,,"0.00",,,,"69","46","  240","  260",,,"8.9","13.0",,,
"USW00003177","CARLSBAD MCCLELLAN PALOMAR AIRPORT, CA US","2024-11-21","1.57",,,,"0.00",,,,"71","45","  260","  260",,,"10.1","13.0",,,
"USW00003177","CARLSBAD MCCLELLAN PALOMAR AIRPORT, CA US","2024-11-22","1.79",,,,"0.00",,,,"66","44","  250","  260",,,"12.1","16.1","    1",,"    1"
"USW00003177","CARLSBAD MCCLELLAN PALOMAR AIRPORT, CA US","2024-11-23","3.13",,,,"0.02",,,,"62","47","  260","  270",,,"10.1","16.1","    1","    1",
"USW00003177","CARLSBAD MCCLELLAN PALOMAR AIRPORT, CA US","2024-11-24","2.01",,,,"0.01",,,,"63","53","  260","  290",,,"10.1","17.0","    1",,
"USW00003177","CARLSBAD MCCLELLAN PALOMAR AIRPORT, CA US","2024-11-25","2.01",,,,"0.00",,,,"73","50","  260","  260",,,"13.0","16.1",,,
"USW00003177","CARLSBAD MCCLELLAN PALOMAR AIRPORT, CA US","2024-11-26","1.79",,," 1139","0.00",,,,"67","51","  270","  260",,,"8.1","12.1",,,
"US1CASD0080","SAN DIEGO 13.9N, CA US","2024-11-15",,,,,"0.00","0.0",,,,,,,,,,,,,
"US1CASD0080","SAN DIEGO 13.9N, CA US","2024-11-16",,,,,"0.00","0.0",,,,,,,,,,,,,
"US1CASD0080","SAN DIEGO 13.9N, CA US","2024-11-17",,,,,"0.00","0.0",,,,,,,,,,,,,
"US1CASD0080","SAN DIEGO 13.9N, CA US","2024-11-18",,,,,"0.00","0.0",,,,,,,,,,,,,
"US1CASD0080","SAN DIEGO 13.9N, CA US","2024-11-19",,,,,"0.00","0.0",,,,,,,,,,,,,
"US1CASD0080","SAN DIEGO 13.9N, CA US","2024-11-20",,,,,"0.00","0.0",,,,,,,,,,,,,
"US1CASD0080","SAN DIEGO 13.9N, CA US","2024-11-21",,,,,"0.00","0.0",,,,,,,,,,,,,
"US1CASD0080","SAN DIEGO 13.9N, CA US","2024-11-22",,,,,"0.00","0.0",,,,,,,,,,,,,
"US1CASD0080","SAN DIEGO 13.9N, CA US","2024-11-23",,,,,"0.00","0.0",,,,,,,,,,,,,
"US1CASD0080","SAN DIEGO 13.9N, CA US","2024-11-24",,,,,"0.00","0.0",,,,,,,,,,,,,
"US1CASD0162","EL CAJON 7.8 NE, CA US","2024-11-15",,,,,"0.02",,,,,,,,,,,,,,
"US1CASD0162","EL CAJON 7.8 NE, CA US","2024-11-16",,,,,"0.03",,,,,,,,,,,,,,
"US1CASD0162","EL CAJON 7.8 NE, CA US","2024-11-24",,,,,"0.02",,,,,,,,,,,,,,
"US1CASD0197","ESCONDIDO 0.5 SSE, CA US","2024-11-15",,,,,"0.10","0.0",,,,,,,,"0.0",,,,,
"US1CASD0197","ESCONDIDO 0.5 SSE, CA US","2024-11-16",,,,,"0.04","0.0",,,,,,,,"0.0",,,,,
"US1CASD0197","ESCONDIDO 0.5 SSE, CA US","2024-11-17",,,,,"0.00","0.0",,,,,,,,,,,,,
"US1CASD0197","ESCONDIDO 0.5 SSE, CA US","2024-11-18",,,,,"0.00","0.0",,,,,,,,,,,,,
"US1CASD0197","ESCONDIDO 0.5 SSE, CA US","2024-11-19",,,,,"0.00","0.0",,,,,,,,,,,,,
"US1CASD0197","ESCONDIDO 0.5 SSE, CA US","2024-11-20",,,,,"0.00","0.0",,,,,,,,,,,,,
"US1CASD0197","ESCONDIDO 0.5 SSE, CA US","2024-11-21",,,,,"0.00","0.0",,,,,,,,,,,,,
"US1CASD0197","ESCONDIDO 0.5 SSE, CA US","2024-11-22",,,,,"0.00","0.0",,,,,,,,,,,,,
"US1CASD0197","ESCONDIDO 0.5 SSE, CA US","2024-11-23",,,,,"0.00","0.0",,,,,,,,,,,,,
"US1CASD0197","ESCONDIDO 0.5 SSE, CA US","2024-11-25",,"    2","0.07",,,,"0.0",,,,,,"0.0",,,,,,
"US1CASD0197","ESCONDIDO 0.5 SSE, CA US","2024-11-26",,,,,"0.00","0.0",,,,,,,,,,,,,
"US1CASD0197","ESCONDIDO 0.5 SSE, CA US","2024-11-27",,,,,"0.00","0.0",,,,,,,,"0.0",,,,,
"US1CASD0114","POWAY 3.9 NNW, CA US","2024-11-15",,,,,"0.01",,,,,,,,,,,,,,
"US1CASD0114","POWAY 3.9 NNW, CA US","2024-11-16",,,,,"0.16",,,,,,,,,,,,,,
"USW00053120","RAMONA AIRPORT, CA US","2024-11-15","8.50",,,,"0.07",,,,"63","44","  310","  290",,,"21.0","27.1","    1",,
"USW00053120","RAMONA AIRPORT, CA US","2024-11-16","3.80",,,,"0.02",,,,"62","32","  240","  280",,,"17.0","18.1","    1",,
"USW00053120","RAMONA AIRPORT, CA US","2024-11-17","3.80",,,,"0.00",,,,"68","28","  290","  280",,,"16.1","25.1","    1",,"    1"
"USW00053120","RAMONA AIRPORT, CA US","2024-11-18","4.47",,,,"0.00",,,,"65","27","  240","  180",,,"16.1","18.1","    1",,
"USW00053120","RAMONA AIRPORT, CA US","2024-11-19","3.58",,,,"0.00",,,,"72","31","  300","  300",,,"12.1","15.0","    1","    1",
"USW00053120","RAMONA AIRPORT, CA US","2024-11-20","3.58",,,,"0.00",,,,"76","31","  290","  320",,,"12.1","18.1",,,
"USW00053120","RAMONA AIRPORT, CA US","2024-11-21","2.68",,,,"0.00",,,,"82","28","  290","  290",,,"13.0","19.0",,,
"USW00053120","RAMONA AIRPORT, CA US","2024-11-22","2.24",,,,"0.00",,,,"82","28","  300","  290",,,"14.1","18.1",,,"    1"
"USW00053120","RAMONA AIRPORT, CA US","2024-11-23","2.91",,,,"0.04",,,,"71","26","  280","  300",,,"13.0","17.0","    1",,"    1"
"USW00053120","RAMONA AIRPORT, CA US","2024-11-24","2.68",,,,"0.00",,,,"66","39","  300","  280",,,"13.0","17.0","    1","    1","    1"
"USW00053120","RAMONA AIRPORT, CA US","2024-11-25","2.91",,,,"0.00",,,,"77","39","  310","  320",,,"12.1","14.1","    1",,"    1"
"USW00053120","RAMONA AIRPORT, CA US","2024-11-26","3.13",,," 1348","0.00",,,,"74","39","  280","  290",,,"12.1","15.0",,,
"US1CASD0157","LEMON GROVE 0.9 W, CA US","2024-11-15",,,,,"0.00","0.0",,,,,,,,,,,,,
"US1CASD0157","LEMON GROVE 0.9 W, CA US","2024-11-16",,,,,"0.05",,,,,,,,,,,,,,
"US1CASD0157","LEMON GROVE 0.9 W, CA US","2024-11-17",,,,,"0.00","0.0",,,,,,,,,,,,,
"US1CASD0157","LEMON GROVE 0.9 W, CA US","2024-11-18",,,,,"0.00","0.0",,,,,,,,,,,,,
"US1CASD0157","LEMON GROVE 0.9 W, CA US","2024-11-19",,,,,"0.00","0.0",,,,,,,,,,,,,
"US1CASD0157","LEMON GROVE 0.9 W, CA US","2024-11-20",,,,,"0.00","0.0",,,,,,,,,,,,,
"US1CASD0157","LEMON GROVE 0.9 W, CA US","2024-11-21",,,,,"0.00","0.0",,,,,,,,,,,,,
"US1CASD0157","LEMON GROVE 0.9 W, CA US","2024-11-22",,,,,"0.00","0.0",,,,,,,,,,,,,
"US1CASD0157","LEMON GROVE 0.9 W, CA US","2024-11-23",,,,,"0.00","0.0",,,,,,,,,,,,,
"US1CASD0157","LEMON GROVE 0.9 W, CA US","2024-11-24",,,,,"0.04",,,,,,,,,,,,,,
"US1CASD0035","RANCHO BERNARDO 0.5SE, CA US","2024-11-15",,,,,"0.02",,,,,,,,,,,,,,
"US1CASD0035","RANCHO BERNARDO 0.5SE, CA US","2024-11-16",,,,,"0.02",,,,,,,,,,,,,,
"US1CASD0035","RANCHO BERNARDO 0.5SE, CA US","2024-11-17",,,,,"0.00","0.0",,,,,,,,,,,,,
"US1CASD0035","RANCHO BERNARDO 0.5SE, CA US","2024-11-18",,,,,"0.00","0.0",,,,,,,,,,,,,
"US1CASD0035","RANCHO BERNARDO 0.5SE, CA US","2024-11-19",,,,,"0.00","0.0",,,,,,,,,,,,,
"US1CASD0035","RANCHO BERNARDO 0.5SE, CA US","2024-11-20",,,,,"0.00","0.0",,,,,,,,,,,,,
"US1CASD0035","RANCHO BERNARDO 0.5SE, CA US","2024-11-21",,,,,"0.00","0.0",,,,,,,,,,,,,
"US1CASD0035","RANCHO BERNARDO 0.5SE, CA US","2024-11-22",,,,,"0.00","0.0",,,,,,,,,,,,,
"US1CASD0035","RANCHO BERNARDO 0.5SE, CA US","2024-11-23",,,,,"0.01",,,,,,,,,,,,,,
"US1CASD0035","RANCHO BERNARDO 0.5SE, CA US","2024-11-24",,,,,"0.08",,,,,,,,,,,,,,
"US1CASD0035","RANCHO BERNARDO 0.5SE, CA US","2024-11-25",,,,,"0.01",,,,,,,,,,,,,,
"US1CASD0035","RANCHO BERNARDO 0.5SE, CA US","2024-11-26",,,,,"0.00","0.0",,,,,,,,,,,,,
"US1CASD0035","RANCHO BERNARDO 0.5SE, CA US","2024-11-27",,,,,"0.00","0.0",,,,,,,,,,,,,
"US1CASD0035","RANCHO BERNARDO 0.5SE, CA US","2024-11-28",,,,,"0.00","0.0",,,,,,,,,,,,,
"US1CASD0238","DEERHORN VALLEY 1.3 E, CA US","2024-11-15",,,,,"0.08",,,,,,,,,,,,,,
"US1CASD0238","DEERHORN VALLEY 1.3 E, CA US","2024-11-16",,,,,"0.20",,,,,,,,,,,,,,
"US1CASD0238","DEERHORN VALLEY 1.3 E, CA US","2024-11-17",,,,,"0.02",,,,,,,,,,,,,,
"US1CASD0238","DEERHORN VALLEY 1.3 E, CA US","2024-11-18",,,,,"0.00","0.0",,,,,,,,,,,,,
"US1CASD0238","DEERHORN VALLEY 1.3 E, CA US","2024-11-19",,,,,"0.00","0.0",,,,,,,,,,,,,
"US1CASD0238","DEERHORN VALLEY 1.3 E, CA US","2024-11-20",,,,,"0.00","0.0",,,,,,,,,,,,,
"US1CASD0238","DEERHORN VALLEY 1.3 E, CA US","2024-11-21",,,,,"0.00","0.0",,,,,,,,,,,,,
"US1CASD0238","DEERHORN VALLEY 1.3 E, CA US","2024-11-22",,,,,"0.00","0.0",,,,,,,,,,,,,
"US1CASD0238","DEERHORN VALLEY 1.3 E, CA US","2024-11-23",,,,,"0.00","0.0",,,,,,,,,,,,,
"US1CASD0238","DEERHORN VALLEY 1.3 E, CA US","2024-11-24",,,,,"0.11",,,,,,,,,,,,,,
"US1CASD0238","DEERHORN VALLEY 1.3 E, CA US","2024-11-25",,,,,"0.00","0.0",,,,,,,,,,,,,
"US1CASD0238","DEERHORN VALLEY 1.3 E, CA US","2024-11-26",,,,,"0.00","0.0",,,,,,,,,,,,,
"US1CASD0238","DEERHORN VALLEY 1.3 E, CA US","2024-11-27",,,,,"0.00","0.0",,,,,,,,,,,,,
"US1CASD0237","SOLANA BEACH 2.4 ENE, CA US","2024-11-15",,,,,"0.03",,,,,,,,,,,,,,
"US1CASD0237","SOLANA BEACH 2.4 ENE, CA US","2024-11-16",,,,,"0.00",,,,,,,,,,,,,,
"US1CASD0237","SOLANA BEACH 2.4 ENE, CA US","2024-11-17",,,,,"0.00","0.0",,,,,,,,,,,,,
"US1CASD0237","SOLANA BEACH 2.4 ENE, CA US","2024-11-18",,,,,"0.00","0.0",,,,,,,,,,,,,
"US1CASD0237","SOLANA BEACH 2.4 ENE, CA US","2024-11-19",,,,,"0.00","0.0",,,,,,,,,,,,,
"US1CASD0237","SOLANA BEACH 2.4 ENE, CA US","2024-11-20",,,,,"0.00","0.0",,,,,,,,,,,,,
"US1CASD0237","SOLANA BEACH 2.4 ENE, CA US","2024-11-21",,,,,"0.00","0.0",,,,,,,,,,,,,
"US1CASD0237","SOLANA BEACH 2.4 ENE, CA US","2024-11-24",,,,,"0.04",,,,,,,,,,,,,,
"US1CASD0237","SOLANA BEACH 2.4 ENE, CA US","2024-11-25",,,,,"0.00","0.0",,,,,,,,,,,,,
"US1CASD0237","SOLANA BEACH 2.4 ENE, CA US","2024-11-27",,,,,"0.00","0.0",,,,,,,,,,,,,
"US1CASD0030","LA JOLLA 2.1 SE, CA US","2024-11-15",,,,,"0.00",,,,,,,,,,,,,,
"US1CASD0030","LA JOLLA 2.1 SE, CA US","2024-11-16",,,,,"0.00","0.0",,,,,,,,,,,,,
"US1CASD0030","LA JOLLA 2.1 SE, CA US","2024-11-17",,,,,"0.00","0.0",,,,,,,,,,,,,
"US1CASD0030","LA JOLLA 2.1 SE, CA US","2024-11-18",,,,,"0.00","0.0",,,,,,,,,,,,,
"US1CASD0030","LA JOLLA 2.1 SE, CA US","2024-11-19",,,,,"0.00","0.0",,,,,,,,,,,,,
"US1CASD0030","LA JOLLA 2.1 SE, CA US","2024-11-20",,,,,"0.00","0.0",,,,,,,,,,,,,
"US1CASD0030","LA JOLLA 2.1 SE, CA US","2024-11-21",,,,,"0.00","0.0",,,,,,,,,,,,,
"US1CASD0030","LA JOLLA 2.1 SE, CA US","2024-11-22",,,,,"0.00","0.0",,,,,,,,,,,,,
"US1CASD0030","LA JOLLA 2.1 SE, CA US","2024-11-23",,,,,"0.00","0.0",,,,,,,,,,,,,
"US1CASD0030","LA JOLLA 2.1 SE, CA US","2024-11-24",,,,,"0.04",,,,,,,,,,,,,,
"US1CASD0030","LA JOLLA 2.1 SE, CA US","2024-11-25",,,,,"0.00","0.0",,,,,,,,,,,,,
"US1CASD0030","LA JOLLA 2.1 SE, CA US","2024-11-26",,,,,"0.00","0.0",,,,,,,,,,,,,
"US1CASD0030","LA JOLLA 2.1 SE, CA US","2024-11-27",,,,,"0.00","0.0",,,,,,,,,,,,,
"US1CASD0030","LA JOLLA 2.1 SE, CA US","2024-11-28",,,,,"0.00",,,,,,,,,,,,,,
"US1CASD0074","RANCHO BERNARDO 1.9WSW, CA US","2024-11-15",,,,,"0.03",,,,,,,,,,,,,,
"US1CASD0074","RANCHO BERNARDO 1.9WSW, CA US","2024-11-24",,,,,"0.07",,,,,,,,,,,,,,
"USR0000CALP","ALPINE CALIFORNIA, CA US","2024-11-15",,,,,,,,"45","53","42",,,,,,,,,
"USR0000CALP","ALPINE CALIFORNIA, CA US","2024-11-16",,,,,,,,"45","55","39",,,,,,,,,
"USR0000CALP","ALPINE CALIFORNIA, CA US","2024-11-17",,,,,,,,"49","62","39",,,,,,,,,
"USR0000CALP","ALPINE CALIFORNIA, CA US","2024-11-18",,,,,,,,"49","61","39",,,,,,,,,
"USR0000CALP","ALPINE CALIFORNIA, CA US","2024-11-19",,,,,,,,"53","68","38",,,,,,,,,
"USR0000CALP","ALPINE CALIFORNIA, CA US","2024-11-20",,,,,,,,"58","76","47",,,,,,,,,
"USR0000CALP","ALPINE CALIFORNIA, CA US","2024-11-21",,,,,,,,"63","80","50",,,,,,,,,
"USR0000CALP","ALPINE CALIFORNIA, CA US","2024-11-22",,,,,,,,"62","81","50",,,,,,,,,
"USR0000CALP","ALPINE CALIFORNIA, CA US","2024-11-23",,,,,,,,"56","71","48",,,,,,,,,
"USR0000CALP","ALPINE CALIFORNIA, CA US","2024-11-24",,,,,,,,"51","58","46",,,,,,,,,
"USR0000CALP","ALPINE CALIFORNIA, CA US","2024-11-25",,,,,,,,"59","72","48",,,,,,,,,
"USR0000CALP","ALPINE CALIFORNIA, CA US","2024-11-26",,,,,,,,"59","70","53",,,,,,,,,
"USR0000CALP","ALPINE CALIFORNIA, CA US","2024-11-27",,,,,,,,"58","68","51",,,,,,,,,
"USR0000CALP","ALPINE CALIFORNIA, CA US","2024-11-28",,,,,,,,"57","71","50",,,,,,,,,
"US1CASD0193","SOLANA BEACH 0.7 NNE, CA US","2024-11-15",,,,,"0.02",,,,,,,,,,,,,,
"US1CASD0193","SOLANA BEACH 0.7 NNE, CA US","2024-11-16",,,,,"0.00","0.0",,,,,,,,,,,,,
"US1CASD0193","SOLANA BEACH 0.7 NNE, CA US","2024-11-17",,,,,"0.00","0.0",,,,,,,,,,,,,
"US1CASD0193","SOLANA BEACH 0.7 NNE, CA US","2024-11-18",,,,,"0.00","0.0",,,,,,,,,,,,,
"US1CASD0193","SOLANA BEACH 0.7 NNE, CA US","2024-11-19",,,,,"0.00","0.0",,,,,,,,,,,,,
"US1CASD0193","SOLANA BEACH 0.7 NNE, CA US","2024-11-20",,,,,"0.00","0.0",,,,,,,,,,,,,
"US1CASD0193","SOLANA BEACH 0.7 NNE, CA US","2024-11-21",,,,,"0.00","0.0",,,,,,,,,,,,,
"US1CASD0193","SOLANA BEACH 0.7 NNE, CA US","2024-11-22",,,,,"0.00","0.0",,,,,,,,,,,,,
"US1CASD0193","SOLANA BEACH 0.7 NNE, CA US","2024-11-23",,,,,"0.00","0.0",,,,,,,,,,,,,
"US1CASD0193","SOLANA BEACH 0.7 NNE, CA US","2024-11-24",,,,,"0.02",,,,,,,,,,,,,,
"US1CASD0193","SOLANA BEACH 0.7 NNE, CA US","2024-11-25",,,,,"0.00","0.0",,,,,,,,,,,,,
"US1CASD0193","SOLANA BEACH 0.7 NNE, CA US","2024-11-26",,,,,"0.00","0.0",,,,,,,,,,,,,
"US1CASD0193","SOLANA BEACH 0.7 NNE, CA US","2024-11-27",,,,,"0.00","0.0",,,,,,,,,,,,,
"US1CASD0023","CARDIFF BY THE SEA 0.2 E, CA US","2024-11-24",,,,,"0.04",,,,,,,,,,,,,,
"US1CASD0144","ESCONDIDO 2.2 NNW, CA US","2024-11-15",,,,,"0.00",,,,,,,,,,,,,,
"US1CASD0144","ESCONDIDO 2.2 NNW, CA US","2024-11-16",,,,,"0.00","0.0",,,,,,,,,,,,,
"US1CASD0144","ESCONDIDO 2.2 NNW, CA US","2024-11-17",,,,,"0.00","0.0",,,,,,,,,,,,,
"US1CASD0144","ESCONDIDO 2.2 NNW, CA US","2024-11-18",,,,,"0.00","0.0",,,,,,,,,,,,,
"US1CASD0144","ESCONDIDO 2.2 NNW, CA US","2024-11-19",,,,,"0.00","0.0",,,,,,,,,,,,,
"US1CASD0144","ESCONDIDO 2.2 NNW, CA US","2024-11-20",,,,,"0.00","0.0",,,,,,,,,,,,,
"US1CASD0144","ESCONDIDO 2.2 NNW, CA US","2024-11-21",,,,,"0.00","0.0",,,,,,,,,,,,,
"US1CASD0144","ESCONDIDO 2.2 NNW, CA US","2024-11-22",,,,,"0.00","0.0",,,,,,,,,,,,,
"US1CASD0144","ESCONDIDO 2.2 NNW, CA US","2024-11-23",,,,,"0.00","0.0",,,,,,,,,,,,,
"US1CASD0144","ESCONDIDO 2.2 NNW, CA US","2024-11-24",,,,,"0.00","0.0",,,,,,,,,,,,,
"US1CASD0144","ESCONDIDO 2.2 NNW, CA US","2024-11-25",,,,,"0.00","0.0",,,,,,,,,,,,,
"US1CASD0144","ESCONDIDO 2.2 NNW, CA US","2024-11-26",,,,,"0.00","0.0",,,,,,,,,,,,,
"US1CASD0144","ESCONDIDO 2.2 NNW, CA US","2024-11-27",,,,,"0.00","0.0",,,,,,,,,,,,,
"US1CASD0221","SAN DIEGO 6.6 S, CA US","2024-11-15",,,,,"0.10",,,,,,,,,,,,,,
"US1CASD0022","POWAY 1.4SW, CA US","2024-11-15",,,,,"0.08",,,,,,,,,,,,,,
"US1CASD0022","POWAY 1.4SW, CA US","2024-11-16",,,,,"0.00","0.0",,,,,,,,,,,,,
"US1CASD0022","POWAY 1.4SW, CA US","2024-11-17",,,,,"0.00","0.0",,,,,,,,,,,,,
"US1CASD0022","POWAY 1.4SW, CA US","2024-11-18",,,,,"0.00","0.0",,,,,,,,,,,,,
"US1CASD0022","POWAY 1.4SW, CA US","2024-11-19",,,,,"0.00","0.0",,,,,,,,,,,,,
"US1CASD0022","POWAY 1.4SW, CA US","2024-11-20",,,,,"0.00","0.0",,,,,,,,,,,,,
"US1CASD0022","POWAY 1.4SW, CA US","2024-11-21",,,,,"0.00","0.0",,,,,,,,,,,,,
"US1CASD0022","POWAY 1.4SW, CA US","2024-11-22",,,,,"0.00","0.0",,,,,,,,,,,,,
"US1CASD0022","POWAY 1.4SW, CA US","2024-11-23",,,,,"0.00","0.0",,,,,,,,,,,,,
"US1CASD0022","POWAY 1.4SW, CA US","2024-11-24",,,,,"0.05",,,,,,,,,,,,,,
"US1CASD0022","POWAY 1.4SW, CA US","2024-11-25",,,,,"0.00","0.0",,,,,,,,,,,,,
"US1CASD0022","POWAY 1.4SW, CA US","2024-11-26",,,,,"0.00","0.0",,,,,,,,,,,,,
"US1CASD0022","POWAY 1.4SW, CA US","2024-11-27",,,,,"0.00","0.0",,,,,,,,,,,,,
"US1CASD0022","POWAY 1.4SW, CA US","2024-11-28",,,,,"0.00","0.0",,,,,,,,,,,,,
"US1CASD0220","SAN DIEGO 4.7 ESE, CA US","2024-11-15",,,,,"0.03",,,,,,,,,,,,,,
"US1CASD0220","SAN DIEGO 4.7 ESE, CA US","2024-11-16",,,,,"0.04",,,,,,,,,,,,,,
"US1CASD0220","SAN DIEGO 4.7 ESE, CA US","2024-11-17",,,,,"0.00","0.0",,,,,,,,,,,,,
"US1CASD0220","SAN DIEGO 4.7 ESE, CA US","2024-11-18",,,,,"0.00","0.0",,,,,,,,,,,,,
"US1CASD0220","SAN DIEGO 4.7 ESE, CA US","2024-11-19",,,,,"0.00","0.0",,,,,,,,,,,,,
"US1CASD0220","SAN DIEGO 4.7 ESE, CA US","2024-11-20",,,,,"0.00","0.0",,,,,,,,,,,,,
"US1CASD0220","SAN DIEGO 4.7 ESE, CA US","2024-11-21",,,,,"0.00","0.0",,,,,,,,,,,,,
"US1CASD0142","SANTEE 2.4NNE, CA US","2024-11-24",,,,,"0.05",,,,,,,,,,,,,,
"US1CASD0186","RAMONA 1.8 WSW, CA US","2024-11-15",,,,,"0.04",,,,,,,,,,,,,,
"US1CASD0186","RAMONA 1.8 WSW, CA US","2024-11-16",,,,,"0.10",,,,,,,,,,,,,,
"US1CASD0186","RAMONA 1.8 WSW, CA US","2024-11-17",,,,,"0.00","0.0",,,,,,,,,,,,,
"US1CASD0186","RAMONA 1.8 WSW, CA US","2024-11-18",,,,,"0.00","0.0",,,,,,,,,,,,,
"US1CASD0186","RAMONA 1.8 WSW, CA US","2024-11-19",,,,,"0.00","0.0",,,,,,,,,,,,,
"US1CASD0186","RAMONA 1.8 WSW, CA US","2024-11-20",,,,,"0.00","0.0",,,,,,,,,,,,,
"US1CASD0186","RAMONA 1.8 WSW, CA US","2024-11-21",,,,,"0.00","0.0",,,,,,,,,,,,,
"US1CASD0186","RAMONA 1.8 WSW, CA US","2024-11-22",,,,,"0.00","0.0",,,,,,,,,,,,,
"US1CASD0186","RAMONA 1.8 WSW, CA US","2024-11-23",,,,,"0.00","0.0",,,,,,,,,,,,,
"US1CASD0186","RAMONA 1.8 WSW, CA US","2024-11-24",,,,,"0.07",,,,,,,,,,,,,,
"US1CASD0186","RAMONA 1.8 WSW, CA US","2024-11-25",,,,,"0.00","0.0",,,,,,,,,,,,,
"US1CASD0186","RAMONA 1.8 WSW, CA US","2024-11-26",,,,,"0.00","0.0",,,,,,,,,,,,,
"US1CASD0186","RAMONA 1.8 WSW, CA US","2024-11-27",,,,,"0.01",,,,,,,,,,,,,,
"US1CASD0186","RAMONA 1.8 WSW, CA US","2024-11-28",,,,,"0.01",,,,,,,,,,,,,,
"US1CASD0020","CHULA VISTA 1.5 SSE, CA US","2024-11-15",,,,,"0.05",,,,,,,,,,,,,,
"US1CASD0027","SAN DIEGO 3.5NE, CA US","2024-11-15",,,,,"0.02",,,,,,,,,,,,,,
"US1CASD0027","SAN DIEGO 3.5NE, CA US","2024-11-16",,,,,"0.00",,,,,,,,,,,,,,
"US1CASD0027","SAN DIEGO 3.5NE, CA US","2024-11-24",,,,,"0.03",,,,,,,,,,,,,,
"US1CASD0104","DESCANSO 0.8 N, CA US","2024-11-15",,,,,"0.05",,,,,,,,,,,,,,
"US1CASD0104","DESCANSO 0.8 N, CA US","2024-11-16",,,,,"0.32",,,,,,,,,,,,,,
"US1CASD0104","DESCANSO 0.8 N, CA US","2024-11-17",,,,,"0.00","0.0",,,,,,,,,,,,,
"US1CASD0104","DESCANSO 0.8 N, CA US","2024-11-18",,,,,"0.00","0.0",,,,,,,,,,,,,
"US1CASD0104","DESCANSO 0.8 N, CA US","2024-11-19",,,,,"0.00","0.0",,,,,,,,,,,,,
"US1CASD0104","DESCANSO 0.8 N, CA US","2024-11-20",,,,,"0.00","0.0",,,,,,,,,,,,,
"US1CASD0104","DESCANSO 0.8 N, CA US","2024-11-21",,,,,"0.00","0.0",,,,,,,,,,,,,
"US1CASD0104","DESCANSO 0.8 N, CA US","2024-11-22",,,,,"0.00","0.0",,,,,,,,,,,,,
"US1CASD0104","DESCANSO 0.8 N, CA US","2024-11-23",,,,,"0.00","0.0",,,,,,,,,,,,,
"US1CASD0104","DESCANSO 0.8 N, CA US","2024-11-24",,,,,"0.09",,,,,,,,,,,,,,
"US1CASD0104","DESCANSO 0.8 N, CA US","2024-11-25",,,,,"0.00","0.0",,,,,,,,,,,,,
"US1CASD0104","DESCANSO 0.8 N, CA US","2024-11-26",,,,,"0.00","0.0",,,,,,,,,,,,,
"US1CASD0104","DESCANSO 0.8 N, CA US","2024-11-27",,,,,"0.00",,,,,,,,,,,,,,
"US1CASD0104","DESCANSO 0.8 N, CA US","2024-11-28",,,,,"0.00","0.0",,,,,,,,,,,,,
"US1CASD0103","LAKESIDE 4.1NNE, CA US","2024-11-15",,,,,"0.05",,,,,,,,,,,,,,
"US1CASD0103","LAKESIDE 4.1NNE, CA US","2024-11-16",,,,,"0.00",,,,,,,,,,,,,,
"US1CASD0103","LAKESIDE 4.1NNE, CA US","2024-11-17",,,,,"0.00","0.0",,,,,,,,,,,,,
"US1CASD0103","LAKESIDE 4.1NNE, CA US","2024-11-18",,,,,"0.00","0.0",,,,,,,,,,,,,
"US1CASD0103","LAKESIDE 4.1NNE, CA US","2024-11-19",,,,,"0.00","0.0",,,,,,,,,,,,,
"US1CASD0103","LAKESIDE 4.1NNE, CA US","2024-11-20",,,,,"0.00","0.0",,,,,,,,,,,,,
"US1CASD0103","LAKESIDE 4.1NNE, CA US","2024-11-21",,,,,"0.00","0.0",,,,,,,,,,,,,
"US1CASD0103","LAKESIDE 4.1NNE, CA US","2024-11-22",,,,,"0.00","0.0",,,,,,,,,,,,,
"US1CASD0103","LAKESIDE 4.1NNE, CA US","2024-11-23",,,,,"0.00","0.0",,,,,,,,,,,,,
"US1CASD0103","LAKESIDE 4.1NNE, CA US","2024-11-24",,,,,"0.03",,,,,,,,,,,,,,
"US1CASD0103","LAKESIDE 4.1NNE, CA US","2024-11-25",,,,,"0.00","0.0",,,,,,,,,,,,,
"US1CASD0103","LAKESIDE 4.1NNE, CA US","2024-11-26",,,,,"0.00","0.0",,,,,,,,,,,,,
"US1CASD0103","LAKESIDE 4.1NNE, CA US","2024-11-27",,,,,"0.00","0.0",,,,,,,,,,,,,
"US1CASD0146","DEL MAR 0.5 NNW, CA US","2024-11-15",,,,,"0.00","0.0",,,,,,,,,,,,,
"US1CASD0146","DEL MAR 0.5 NNW, CA US","2024-11-16",,,,,"0.00","0.0",,,,,,,,,,,,,
"US1CASD0146","DEL MAR 0.5 NNW, CA US","2024-11-17",,,,,"0.00","0.0",,,,,,,,,,,,,
"US1CASD0146","DEL MAR 0.5 NNW, CA US","2024-11-18",,,,,"0.00","0.0",,,,,,,,,,,,,
"US1CASD0146","DEL MAR 0.5 NNW, CA US","2024-11-19",,,,,"0.00","0.0",,,,,,,,,,,,,
"US1CASD0146","DEL MAR 0.5 NNW, CA US","2024-11-20",,,,,"0.00",,,,,,,,,,,,,,
"US1CASD0146","DEL MAR 0.5 NNW, CA US","2024-11-21",,,,,"0.00","0.0",,,,,,,,,,,,,
"US1CASD0146","DEL MAR 0.5 NNW, CA US","2024-11-22",,,,,"0.00","0.0",,,,,,,,,,,,,
"US1CASD0146","DEL MAR 0.5 NNW, CA US","2024-11-23",,,,,"0.00","0.0",,,,,,,,,,,,,
"US1CASD0146","DEL MAR 0.5 NNW, CA US","2024-11-24",,,,,"0.03",,,,,,,,,,,,,,
"US1CASD0146","DEL MAR 0.5 NNW, CA US","2024-11-25",,,,,"0.00","0.0",,,,,,,,,,,,,
"US1CASD0146","DEL MAR 0.5 NNW, CA US","2024-11-26",,,,,"0.00","0.0",,,,,,,,,,,,,
"US1CASD0146","DEL MAR 0.5 NNW, CA US","2024-11-27",,,,,"0.00","0.0",,,,,,,,,,,,,
"US1CASD0146","DEL MAR 0.5 NNW, CA US","2024-11-28",,,,,"0.00","0.0",,,,,,,,,,,,,
"US1CASD0024","CHULA VISTA 2.5SE, CA US","2024-11-15",,,,,"0.00","0.0",,,,,,,,,,,,,
"US1CASD0024","CHULA VISTA 2.5SE, CA US","2024-11-16",,,,,"0.01",,,,,,,,,,,,,,
"US1CASD0024","CHULA VISTA 2.5SE, CA US","2024-11-17",,,,,"0.00","0.0",,,,,,,,,,,,,
"US1CASD0024","CHULA VISTA 2.5SE, CA US","2024-11-18",,,,,"0.00","0.0",,,,,,,,,,,,,
"US1CASD0024","CHULA VISTA 2.5SE, CA US","2024-11-19",,,,,"0.00","0.0",,,,,,,,,,,,,
"US1CASD0024","CHULA VISTA 2.5SE, CA US","2024-11-20",,,,,"0.00","0.0",,,,,,,,,,,,,
"US1CASD0024","CHULA VISTA 2.5SE, CA US","2024-11-21",,,,,"0.00","0.0",,,,,,,,,,,,,
"US1CASD0024","CHULA VISTA 2.5SE, CA US","2024-11-22",,,,,"0.00","0.0",,,,,,,,,,,,,
"US1CASD0024","CHULA VISTA 2.5SE, CA US","2024-11-23",,,,,"0.00","0.0",,,,,,,,,,,,,
"US1CASD0024","CHULA VISTA 2.5SE, CA US","2024-11-24",,,,,"0.00","0.0",,,,,,,,,,,,,
"US1CASD0024","CHULA VISTA 2.5SE, CA US","2024-11-25",,,,,"0.00","0.0",,,,,,,,,,,,,
"US1CASD0024","CHULA VISTA 2.5SE, CA US","2024-11-26",,,,,"0.00","0.0",,,,,,,,,,,,,
"US1CASD0024","CHULA VISTA 2.5SE, CA US","2024-11-27",,,,,"0.00","0.0",,,,,,,,,,,,,
"USR0000CDES","DESCANSO CALIFORNIA, CA US","2024-11-15",,,,,,,,"42","49","39",,,,,,,,,
"USR0000CDES","DESCANSO CALIFORNIA, CA US","2024-11-16",,,,,,,,"40","51","31",,,,,,,,,
"USR0000CDES","DESCANSO CALIFORNIA, CA US","2024-11-17",,,,,,,,"42","58","30",,,,,,,,,
"USR0000CDES","DESCANSO CALIFORNIA, CA US","2024-11-18",,,,,,,,"43","59","30",,,,,,,,,
"USR0000CDES","DESCANSO CALIFORNIA, CA US","2024-11-19",,,,,,,,"47","63","30",,,,,,,,,
"USR0000CDES","DESCANSO CALIFORNIA, CA US","2024-11-20",,,,,,,,"51","72","38",,,,,,,,,
"USR0000CDES","DESCANSO CALIFORNIA, CA US","2024-11-21",,,,,,,,"54","77","39",,,,,,,,,
"USR0000CDES","DESCANSO CALIFORNIA, CA US","2024-11-22",,,,,,,,"53","78","36",,,,,,,,,
"USR0000CDES","DESCANSO CALIFORNIA, CA US","2024-11-23",,,,,,,,"50","68","35",,,,,,,,,
"USR0000CDES","DESCANSO CALIFORNIA, CA US","2024-11-24",,,,,,,,"48","55","38",,,,,,,,,
"USR0000CDES","DESCANSO CALIFORNIA, CA US","2024-11-25",,,,,,,,"53","69","39",,,,,,,,,
"USR0000CDES","DESCANSO CALIFORNIA, CA US","2024-11-26",,,,,,,,"52","66","42",,,,,,,,,
"USR0000CDES","DESCANSO CALIFORNIA, CA US","2024-11-27",,,,,,,,"54","64","45",,,,,,,,,
"USR0000CDES","DESCANSO CALIFORNIA, CA US","2024-11-28",,,,,,,,"52","68","44",,,,,,,,,
"US1CASD0228","SAN DIEGO 6.7 S, CA US","2024-11-15",,,,,"0.00",,,,,,,,,,,,,,
"US1CASD0228","SAN DIEGO 6.7 S, CA US","2024-11-16",,,,,"0.01",,,,,,,,,,,,,,
"US1CASD0228","SAN DIEGO 6.7 S, CA US","2024-11-17",,,,,"0.00","0.0",,,,,,,,,,,,,
"US1CASD0228","SAN DIEGO 6.7 S, CA US","2024-11-18",,,,,"0.00","0.0",,,,,,,,,,,,,
"US1CASD0228","SAN DIEGO 6.7 S, CA US","2024-11-19",,,,,"0.00","0.0",,,,,,,,,,,,,
"US1CASD0228","SAN DIEGO 6.7 S, CA US","2024-11-20",,,,,"0.00","0.0",,,,,,,,,,,,,
"US1CASD0228","SAN DIEGO 6.7 S, CA US","2024-11-21",,,,,"0.00","0.0",,,,,,,,,,,,,
"US1CASD0228","SAN DIEGO 6.7 S, CA US","2024-11-22",,,,,"0.00","0.0",,,,,,,,,,,,,
"US1CASD0228","SAN DIEGO 6.7 S, CA US","2024-11-23",,,,,"0.03",,,,,,,,,,,,,,
"US1CASD0228","SAN DIEGO 6.7 S, CA US","2024-11-24",,,,,"0.00","0.0",,,,,,,,,,,,,
"US1CASD0228","SAN DIEGO 6.7 S, CA US","2024-11-25",,,,,"0.00","0.0",,,,,,,,,,,,,
"US1CASD0228","SAN DIEGO 6.7 S, CA US","2024-11-26",,,,,"0.00","0.0",,,,,,,,,,,,,
"US1CASD0228","SAN DIEGO 6.7 S, CA US","2024-11-27",,,,,"0.00","0.0",,,,,,,,,,,,,
"US1CASD0029","SAN DIEGO 7.9NE, CA US","2024-11-15",,,,,"0.02",,,,,,,,,,,,,,
"US1CASD0029","SAN DIEGO 7.9NE, CA US","2024-11-16",,,,,"0.00","0.0",,,,,,,,,,,,,
"US1CASD0029","SAN DIEGO 7.9NE, CA US","2024-11-17",,,,,"0.00","0.0",,,,,,,,,,,,,
"US1CASD0029","SAN DIEGO 7.9NE, CA US","2024-11-18",,,,,"0.00","0.0",,,,,,,,,,,,,
"US1CASD0029","SAN DIEGO 7.9NE, CA US","2024-11-19",,,,,"0.00","0.0",,,,,,,,,,,,,
"US1CASD0029","SAN DIEGO 7.9NE, CA US","2024-11-20",,,,,"0.00","0.0",,,,,,,,,,,,,
"US1CASD0029","SAN DIEGO 7.9NE, CA US","2024-11-21",,,,,"0.00","0.0",,,,,,,,,,,,,
"US1CASD0029","SAN DIEGO 7.9NE, CA US","2024-11-22",,,,,"0.00","0.0",,,,,,,,,,,,,
"US1CASD0029","SAN DIEGO 7.9NE, CA US","2024-11-23",,,,,"0.00","0.0",,,,,,,,,,,,,
"US1CASD0029","SAN DIEGO 7.9NE, CA US","2024-11-24",,,,,"0.02",,,,,,,,,,,,,,
"US1CASD0029","SAN DIEGO 7.9NE, CA US","2024-11-25",,,,,"0.00","0.0",,,,,,,,,,,,,
"US1CASD0029","SAN DIEGO 7.9NE, CA US","2024-11-26",,,,,"0.00","0.0",,,,,,,,,,,,,
"US1CASD0029","SAN DIEGO 7.9NE, CA US","2024-11-27",,,,,"0.00","0.0",,,,,,,,,,,,,
"US1CASD0029","SAN DIEGO 7.9NE, CA US","2024-11-28",,,,,"0.00","0.0",,,,,,,,,,,,,
"USW00023188","SAN DIEGO INTERNATIONAL AIRPORT, CA US","2024-11-15","11.41",,,,"0.00",,,"62","66","58","  280","  320",,,"21.9","30.0",,,
"USW00023188","SAN DIEGO INTERNATIONAL AIRPORT, CA US","2024-11-16","4.03",,,,"0.00",,,"59","64","50","  310","  320",,,"15.0","19.9",,,
"USW00023188","SAN DIEGO INTERNATIONAL AIRPORT, CA US","2024-11-17","3.36",,,,"0.00",,,"56","67","43","  280","  280",,,"16.1","19.9",,,
"USW00023188","SAN DIEGO INTERNATIONAL AIRPORT, CA US","2024-11-18","7.16",,,,"0.00",,,"58","66","51","  140","  180",,,"17.0","29.1",,,
"USW00023188","SAN DIEGO INTERNATIONAL AIRPORT, CA US","2024-11-19","4.03",,,,"0.00",,,"60","67","50","  310","  290",,,"13.0","19.9",,,
"USW00023188","SAN DIEGO INTERNATIONAL AIRPORT, CA US","2024-11-20","2.91",,,,"0.00",,,"58","73","45","  280","  290",,,"10.1","15.0",,,
"USW00023188","SAN DIEGO INTERNATIONAL AIRPORT, CA US","2024-11-21","3.36",,,,"0.00",,,"57","70","46","  300","  300",,,"14.1","19.9",,,
"USW00023188","SAN DIEGO INTERNATIONAL AIRPORT, CA US","2024-11-22","3.13",,,,"0.00",,,"56","69","44","  310","  300",,,"14.1","21.0",,,
"USW00023188","SAN DIEGO INTERNATIONAL AIRPORT, CA US","2024-11-23","4.70",,,,"0.03",,,"58","66","49","  300","  300",,,"15.0","19.9","    1",,
"USW00023188","SAN DIEGO INTERNATIONAL AIRPORT, CA US","2024-11-24","4.25",,,,"0.00",,,"61","66","55","  300","  200",,,"10.1","19.0","    1",,
"USW00023188","SAN DIEGO INTERNATIONAL AIRPORT, CA US","2024-11-25","3.80",,,,"0.00",,,"60","73","51","  310","  300",,,"15.0","23.9",,,
"USW00023188","SAN DIEGO INTERNATIONAL AIRPORT, CA US","2024-11-26","3.58",,," 1348","0.00",,,"61","69","51","  300","  310",,,"13.0","17.0",,,
"USW00023188","SAN DIEGO INTERNATIONAL AIRPORT, CA US","2024-11-27",,,,,,,,"62",,,,,,,,,,,
"USW00023188","SAN DIEGO INTERNATIONAL AIRPORT, CA US","2024-11-28",,,,,,,,"60",,,,,,,,,,,
